scenario,baseline,metric,mean_diff,ci_lo,ci_hi,n_seeds,wins
nominal,latency_first,avg_SCI,0.05976588214711965,0.03823754308266815,0.0822513398185448,30,27
nominal,latency_first,avg_SDI,-0.024016560156703937,-0.0324900778716464,-0.014663394561935396,30,3
nominal,latency_first,secure_feasible_ratio,-0.0044444444444444306,-0.023888888888888873,0.015000000000000019,30,9
nominal,latency_first,allocated_ratio,-0.012222222222222223,-0.023340277777777786,-0.0030486111111111425,30,8
nominal,latency_first,avg_latency,3.5328368696543158,2.8677549329995045,4.203544726141064,30,29
nominal,pqc_trust,avg_SCI,0.030646211351686457,0.019339142157531804,0.043345541105073986,30,25
nominal,pqc_trust,avg_SDI,-0.004217843524071643,-0.011338808072419248,0.00254736805282195,30,11
nominal,pqc_trust,secure_feasible_ratio,-0.020000000000000004,-0.03556250000000001,-0.007222222222222218,30,4
nominal,pqc_trust,allocated_ratio,-0.006388888888888888,-0.014999999999999998,0.000833333333333334,30,10
nominal,pqc_trust,avg_latency,0.04285143832066597,-0.3928251622253443,0.5089329806723562,30,16
nominal,qkd_priority,avg_SCI,0.03855114345886147,0.024003590972486534,0.05455024873551475,30,24
nominal,qkd_priority,avg_SDI,-0.016575128914860952,-0.022942971911089637,-0.010822835173051855,30,4
nominal,qkd_priority,secure_feasible_ratio,0.03583333333333332,0.023611111111111107,0.04916666666666664,30,24
nominal,qkd_priority,allocated_ratio,0.01944444444444444,0.010833333333333335,0.02916666666666666,30,20
nominal,qkd_priority,avg_latency,-0.745586583280963,-1.4858964275070414,0.08340115027304823,30,8
nominal,max_margin_greedy,avg_SCI,0.020070556758919767,0.0105025919835202,0.03143294433443318,30,24
nominal,max_margin_greedy,avg_SDI,-0.0032293408266010153,-0.0058909927795885945,-0.0008555005947583648,30,14
nominal,max_margin_greedy,secure_feasible_ratio,0.018888888888888886,0.008888888888888884,0.032777777777777774,30,19
nominal,max_margin_greedy,allocated_ratio,0.007500000000000003,0.0047222222222222205,0.01055555555555555,30,18
nominal,max_margin_greedy,avg_latency,-2.745532628555401,-3.410012882217686,-2.1527773154436103,30,0
nominal,shortest_path_pqc,avg_SCI,0.07095737184698186,0.04846632059547916,0.09561207399652946,30,27
nominal,shortest_path_pqc,avg_SDI,-0.034429233163362646,-0.044259255158750795,-0.023613039167540126,30,2
nominal,shortest_path_pqc,secure_feasible_ratio,0.04249999999999998,0.02222222222222221,0.06611805555555551,30,22
nominal,shortest_path_pqc,allocated_ratio,-0.013055555555555558,-0.025277777777777788,-0.0030486111111111386,30,8
nominal,shortest_path_pqc,avg_latency,4.4580319355384,3.6205403659270075,5.327246019724377,30,29
nominal,random,avg_SCI,0.127280605242648,0.1133050932462084,0.14102114391733825,30,30
nominal,random,avg_SDI,-0.04979393955504939,-0.060317564839549025,-0.03935838095696384,30,0
nominal,random,secure_feasible_ratio,0.026944444444444438,0.010555555555555544,0.04333333333333333,30,23
nominal,random,allocated_ratio,0.018611111111111116,0.005270833333333326,0.03388888888888889,30,23
nominal,random,avg_latency,-4.1922195747431825,-4.889331063648192,-3.5356495229168488,30,0
qkd_scarcity,latency_first,avg_SCI,0.021274933135326735,0.009427194362662636,0.03248231667458447,30,22
qkd_scarcity,latency_first,avg_SDI,-0.01309881106699529,-0.020934727036720124,-0.005278810590864418,30,5
qkd_scarcity,latency_first,secure_feasible_ratio,-0.008888888888888896,-0.023895833333333342,0.0072222222222222115,30,10
qkd_scarcity,latency_first,allocated_ratio,-0.011944444444444447,-0.02333333333333333,-0.0013888888888888913,30,8
qkd_scarcity,latency_first,avg_latency,2.9017083938317403,2.3635937973043957,3.4183384926380254,30,30
qkd_scarcity,pqc_trust,avg_SCI,0.027200981013207462,0.016331719868910886,0.03825720397295994,30,26
qkd_scarcity,pqc_trust,avg_SDI,4.8889107953927385e-05,-0.0052124233265020605,0.005656590531814856,30,12
qkd_scarcity,pqc_trust,secure_feasible_ratio,-0.00638888888888889,-0.019444444444444448,0.0058333333333333275,30,9
qkd_scarcity,pqc_trust,allocated_ratio,-0.005277777777777778,-0.01194444444444444,0.0005555555555555611,30,8
qkd_scarcity,pqc_trust,avg_latency,-0.4516096551542682,-0.8767940316685655,0.005300484290686098,30,7
qkd_scarcity,qkd_priority,avg_SCI,0.009003483432729236,-0.0030323714202460774,0.021121734007110267,30,21
qkd_scarcity,qkd_priority,avg_SDI,-0.01546007405358946,-0.02062360868077604,-0.010546900440077417,30,3
qkd_scarcity,qkd_priority,secure_feasible_ratio,0.012777777777777779,0.000833333333333334,0.025833333333333326,30,16
qkd_scarcity,qkd_priority,allocated_ratio,0.008888888888888887,0.002499999999999991,0.016111111111111118,30,15
qkd_scarcity,qkd_priority,avg_latency,-0.4893823165301189,-0.9746495073075035,0.054320394506385324,30,9
qkd_scarcity,max_margin_greedy,avg_SCI,0.015289498994510962,0.008331664814157674,0.023023877361625332,30,26
qkd_scarcity,max_margin_greedy,avg_SDI,-0.009292134892710543,-0.013297085128532752,-0.005858636669995225,30,2
qkd_scarcity,max_margin_greedy,secure_feasible_ratio,0.02694444444444444,0.016666666666666673,0.03805555555555555,30,24
qkd_scarcity,max_margin_greedy,allocated_ratio,0.009444444444444441,0.005833333333333331,0.013333333333333345,30,20
qkd_scarcity,max_margin_greedy,avg_latency,-2.3728618723381323,-2.9783852092496175,-1.8567736897823954,30,0
qkd_scarcity,shortest_path_pqc,avg_SCI,0.043560947724928266,0.029001330058828188,0.05716657919668147,30,27
qkd_scarcity,shortest_path_pqc,avg_SDI,-0.02819837437330995,-0.03774773063538834,-0.018539261740199556,30,5
qkd_scarcity,shortest_path_pqc,secure_feasible_ratio,0.0636111111111111,0.0336111111111111,0.0947222222222222,30,23
qkd_scarcity,shortest_path_pqc,allocated_ratio,-0.008333333333333333,-0.020000000000000004,0.0027777777777777753,30,13
qkd_scarcity,shortest_path_pqc,avg_latency,3.3379163192828516,2.6300113401938185,4.012144145236017,30,30
qkd_scarcity,random,avg_SCI,0.09638456409511441,0.08296192875254163,0.11022555799267633,30,30
qkd_scarcity,random,avg_SDI,-0.04927403017013405,-0.06096351728770881,-0.03871965018542849,30,0
qkd_scarcity,random,secure_feasible_ratio,0.03583333333333332,0.0180486111111111,0.05556249999999997,30,23
qkd_scarcity,random,allocated_ratio,0.01416666666666666,0.0024999999999999983,0.026666666666666658,30,20
qkd_scarcity,random,avg_latency,-4.368229362686168,-4.98163298060514,-3.750976792876792,30,0
congestion,latency_first,avg_SCI,0.05052745399053827,0.034710718959397216,0.06557557483083103,30,27
congestion,latency_first,avg_SDI,-0.026281308299414698,-0.033918908743262664,-0.018976980515076354,30,2
congestion,latency_first,secure_feasible_ratio,0.005833333333333331,-0.0111111111111111,0.021111111111111112,30,19
congestion,latency_first,allocated_ratio,-0.013055555555555562,-0.03138888888888889,0.004166666666666667,30,9
congestion,latency_first,avg_latency,2.3895942163455857,1.6537879169367928,3.1095642719440675,30,26
congestion,pqc_trust,avg_SCI,0.016748501650213146,0.004773910164785539,0.02826790802584451,30,21
congestion,pqc_trust,avg_SDI,-0.005235309363487579,-0.013994370784004367,0.0023740950849790716,30,13
congestion,pqc_trust,secure_feasible_ratio,-0.033055555555555546,-0.055006944444444456,-0.014722222222222216,30,4
congestion,pqc_trust,allocated_ratio,-0.02222222222222221,-0.041666666666666644,-0.004159722222222235,30,6
congestion,pqc_trust,avg_latency,-0.38952717506893253,-0.96436700946873,0.1630045808344233,30,12
congestion,qkd_priority,avg_SCI,0.03535988752293542,0.026207769568120293,0.045781960052245066,30,30
congestion,qkd_priority,avg_SDI,-0.011642545969079156,-0.01579640005241683,-0.007809060329605361,30,1
congestion,qkd_priority,secure_feasible_ratio,0.03111111111111111,0.018604166666666658,0.04472222222222223,30,23
congestion,qkd_priority,allocated_ratio,0.027222222222222234,0.016111111111111118,0.040555555555555574,30,21
congestion,qkd_priority,avg_latency,-0.7968749887958324,-1.1827881493882206,-0.42036092071193776,30,4
congestion,max_margin_greedy,avg_SCI,0.012776844458592026,0.004774903806446546,0.022736724565211055,30,23
congestion,max_margin_greedy,avg_SDI,-0.004663331146308092,-0.009799899056817938,-0.0003636925330735862,30,15
congestion,max_margin_greedy,secure_feasible_ratio,0.022499999999999996,0.008888888888888885,0.039722222222222214,30,22
congestion,max_margin_greedy,allocated_ratio,0.020833333333333336,0.01194444444444444,0.030555555555555555,30,22
congestion,max_margin_greedy,avg_latency,-3.0856286779532933,-3.9248377066006337,-2.3473317529573583,30,1
congestion,shortest_path_pqc,avg_SCI,0.06262102004866352,0.04692417831513178,0.07901632981529179,30,28
congestion,shortest_path_pqc,avg_SDI,-0.03711807238885479,-0.04586578208123004,-0.028623832770002904,30,2
congestion,shortest_path_pqc,secure_feasible_ratio,0.04611111111111112,0.02416666666666669,0.06945138888888887,30,24
congestion,shortest_path_pqc,allocated_ratio,-0.020000000000000004,-0.040562499999999994,-0.0002777777777777805,30,11
congestion,shortest_path_pqc,avg_latency,2.769305148711749,1.8252584611500036,3.616760354186861,30,26
congestion,random,avg_SCI,0.0988209975909217,0.08638882253172879,0.11021333959623508,30,30
congestion,random,avg_SDI,-0.06403487616758097,-0.07584632693723485,-0.053360571079756634,30,0
congestion,random,secure_feasible_ratio,0.02527777777777779,0.00750000000000002,0.04305555555555556,30,21
congestion,random,allocated_ratio,0.032777777777777774,0.013333333333333324,0.05194444444444444,30,24
congestion,random,avg_latency,-5.878481287287794,-6.548283810111398,-5.14761226118045,30,0
trust_degradation,latency_first,avg_SCI,0.05536686468088563,0.034352170799771986,0.07650518729173271,30,26
trust_degradation,latency_first,avg_SDI,-0.02706023737267188,-0.036724129726362714,-0.0167724514850091,30,4
trust_degradation,latency_first,secure_feasible_ratio,-0.0019444444444444374,-0.022784722222222224,0.01861805555555553,30,10
trust_degradation,latency_first,allocated_ratio,-0.011944444444444443,-0.023062500000000007,-0.0024930555555555778,30,8
trust_degradation,latency_first,avg_latency,3.7118641475692087,3.058346759163889,4.349951215711944,30,29
trust_degradation,pqc_trust,avg_SCI,0.02877516560892931,0.01756383936424854,0.041383249619168457,30,27
trust_degradation,pqc_trust,avg_SDI,-0.005167429236146926,-0.012942757362531143,0.0018788296057945446,30,10
trust_degradation,pqc_trust,secure_feasible_ratio,-0.019166666666666655,-0.03305555555555554,-0.005833333333333309,30,6
trust_degradation,pqc_trust,allocated_ratio,-0.006111111111111108,-0.01416666666666666,0.0005555555555555536,30,8
trust_degradation,pqc_trust,avg_latency,-0.0050164114881229216,-0.4603982339743593,0.4244717137733822,30,15
trust_degradation,qkd_priority,avg_SCI,0.03640903265500172,0.019707785165849836,0.05254175163111196,30,24
trust_degradation,qkd_priority,avg_SDI,-0.017904727154820565,-0.02400195364671202,-0.012099444982911765,30,4
trust_degradation,qkd_priority,secure_feasible_ratio,0.037777777777777785,0.02554861111111111,0.05056249999999998,30,26
trust_degradation,qkd_priority,allocated_ratio,0.01861111111111111,0.010833333333333335,0.02722222222222221,30,20
trust_degradation,qkd_priority,avg_latency,-0.7129766996738043,-1.4304372127726848,0.1179170783030108,30,8
trust_degradation,max_margin_greedy,avg_SCI,0.019363664795139943,0.010596709245877783,0.030711593044107807,30,23
trust_degradation,max_margin_greedy,avg_SDI,-0.0044209940266545155,-0.007810648471137574,-0.0014357773364753487,30,13
trust_degradation,max_margin_greedy,secure_feasible_ratio,0.021944444444444444,0.01305555555555555,0.03444444444444444,30,22
trust_degradation,max_margin_greedy,allocated_ratio,0.00777777777777778,0.004444444444444458,0.010833333333333342,30,18
trust_degradation,max_margin_greedy,avg_latency,-2.7710345810755106,-3.4472579569105517,-2.191946150194128,30,0
trust_degradation,shortest_path_pqc,avg_SCI,0.0683044096754493,0.046991371440668006,0.09203718810205645,30,27
trust_degradation,shortest_path_pqc,avg_SDI,-0.037532239136872016,-0.04832509662476274,-0.027147597724374372,30,1
trust_degradation,shortest_path_pqc,secure_feasible_ratio,0.046666666666666676,0.020277777777777787,0.07362499999999993,30,19
trust_degradation,shortest_path_pqc,allocated_ratio,-0.01277777777777778,-0.024722222222222232,-0.0022222222222222253,30,8
trust_degradation,shortest_path_pqc,avg_latency,4.43252998301829,3.6012197753824533,5.252049117582775,30,29
trust_degradation,random,avg_SCI,0.11689552776215781,0.10352912461142798,0.13086183740014318,30,30
trust_degradation,random,avg_SDI,-0.054575538460699374,-0.06625743892696132,-0.043812253525004126,30,0
trust_degradation,random,secure_feasible_ratio,0.0288888888888889,0.010555555555555568,0.04666666666666666,30,22
trust_degradation,random,allocated_ratio,0.01888888888888889,0.004993055555555553,0.03444444444444444,30,23
trust_degradation,random,avg_latency,-4.199155966789923,-5.008906782776028,-3.465810685677667,30,0
link_noise,latency_first,avg_SCI,0.005440183220533275,-0.0018368650833086868,0.011989948720195006,30,23
link_noise,latency_first,avg_SDI,-0.02309625794889359,-0.03172794348848455,-0.015043555027227503,30,3
link_noise,latency_first,secure_feasible_ratio,-0.007777777777777781,-0.020000000000000007,0.004444444444444442,30,11
link_noise,latency_first,allocated_ratio,-0.010000000000000002,-0.0183402777777778,-0.0022222222222222326,30,6
link_noise,latency_first,avg_latency,2.802949368302544,2.266018481345516,3.314027606236796,30,30
link_noise,pqc_trust,avg_SCI,0.015124201339851278,0.008763048340835694,0.023335201300931335,30,25
link_noise,pqc_trust,avg_SDI,-0.00212348441251444,-0.005794435648903132,0.0015155867235104776,30,12
link_noise,pqc_trust,secure_feasible_ratio,-0.00277777777777778,-0.01111111111111111,0.005833333333333333,30,10
link_noise,pqc_trust,allocated_ratio,-0.0005555555555555573,-0.004722222222222224,0.003611111111111109,30,8
link_noise,pqc_trust,avg_latency,-0.6126731716140703,-0.9195320593817887,-0.2872477251369597,30,7
link_noise,qkd_priority,avg_SCI,-0.0033810998108461028,-0.011077548411619882,0.004126223563685042,30,17
link_noise,qkd_priority,avg_SDI,-0.022414188237476963,-0.029946121922006925,-0.013989323715899882,30,3
link_noise,qkd_priority,secure_feasible_ratio,-0.008611111111111113,-0.020555555555555556,0.0036111111111111105,30,11
link_noise,qkd_priority,allocated_ratio,-0.0030555555555555557,-0.013333333333333315,0.006118055555555526,30,8
link_noise,qkd_priority,avg_latency,1.9709425241213423,1.4106732490595342,2.525364867542876,30,28
link_noise,max_margin_greedy,avg_SCI,0.0037147120414197355,-0.0012669525430857784,0.008622778826670412,30,20
link_noise,max_margin_greedy,avg_SDI,-0.008260321868025233,-0.012472579928393736,-0.004347942700270842,30,8
link_noise,max_margin_greedy,secure_feasible_ratio,0.011666666666666664,0.0036041666666666626,0.01972222222222222,30,16
link_noise,max_margin_greedy,allocated_ratio,0.009444444444444445,0.0038888888888888823,0.016388888888888894,30,15
link_noise,max_margin_greedy,avg_latency,-2.54491521008543,-2.9296158663911416,-2.1705231144758548,30,0
link_noise,shortest_path_pqc,avg_SCI,0.027509383905403768,0.018080942247822685,0.0374983374858044,30,27
link_noise,shortest_path_pqc,avg_SDI,-0.042191616005372364,-0.05194060216316741,-0.032354356391607365,30,2
link_noise,shortest_path_pqc,secure_feasible_ratio,0.07583333333333332,0.05277083333333333,0.09916666666666667,30,27
link_noise,shortest_path_pqc,allocated_ratio,-0.006944444444444446,-0.016666666666666666,0.001944444444444445,30,9
link_noise,shortest_path_pqc,avg_latency,3.261850521793468,2.640472304824046,3.8825012735819175,30,29
link_noise,random,avg_SCI,0.04596552273614487,0.03379644232497173,0.05819315245183964,30,30
link_noise,random,avg_SDI,-0.07024227904870227,-0.08152722056413739,-0.05988894317078447,30,0
link_noise,random,secure_feasible_ratio,0.030277777777777782,0.017499999999999998,0.04222222222222221,30,20
link_noise,random,allocated_ratio,0.02694444444444444,0.01666666666666668,0.03667361111111108,30,26
link_noise,random,avg_latency,-4.667008363569925,-5.320812809399936,-4.014653644445934,30,0
traffic_load,latency_first,avg_SCI,0.04651434130838159,0.03030956447671787,0.06413687989899258,30,25
traffic_load,latency_first,avg_SDI,-0.023021865654884774,-0.030872318111621094,-0.015899456891570084,30,0
traffic_load,latency_first,secure_feasible_ratio,0.006666666666666674,-0.009722222222222212,0.02416666666666667,30,13
traffic_load,latency_first,allocated_ratio,-0.0038888888888888975,-0.02166666666666667,0.013333333333333324,30,10
traffic_load,latency_first,avg_latency,2.1586861679463665,1.515730360779868,2.7265662479814554,30,28
traffic_load,pqc_trust,avg_SCI,0.01963510391300535,0.006302045496896907,0.03230557196657668,30,20
traffic_load,pqc_trust,avg_SDI,-0.008284985364671978,-0.01390905234170077,-0.0027695002233487395,30,8
traffic_load,pqc_trust,secure_feasible_ratio,-0.029722222222222205,-0.047777777777777766,-0.013055555555555542,30,3
traffic_load,pqc_trust,allocated_ratio,-0.02194444444444444,-0.039451388888888876,-0.005555555555555554,30,9
traffic_load,pqc_trust,avg_latency,-0.31848938649309794,-0.7452437843379968,0.1078211130829056,30,13
traffic_load,qkd_priority,avg_SCI,0.022355251235378532,0.012657062517966071,0.033600911595688406,30,27
traffic_load,qkd_priority,avg_SDI,-0.013041944619578246,-0.017645468112172807,-0.008919544077509257,30,2
traffic_load,qkd_priority,secure_feasible_ratio,0.026944444444444448,0.013888888888888902,0.04250000000000001,30,22
traffic_load,qkd_priority,allocated_ratio,0.02944444444444445,0.016388888888888887,0.04472916666666665,30,22
traffic_load,qkd_priority,avg_latency,-0.4658876057535823,-0.9326673662782291,-0.0031256864144748996,30,8
traffic_load,max_margin_greedy,avg_SCI,0.008958336458195841,0.0026873508839975672,0.016137892407850202,30,23
traffic_load,max_margin_greedy,avg_SDI,-0.005004142886544216,-0.00860379496034894,-0.0017629381004069346,30,9
traffic_load,max_margin_greedy,secure_feasible_ratio,0.014722222222222229,0.005277777777777787,0.024451388888888863,30,19
traffic_load,max_margin_greedy,allocated_ratio,0.017777777777777785,0.010000000000000005,0.02611111111111112,30,20
traffic_load,max_margin_greedy,avg_latency,-2.6040776251061946,-3.2805587807131813,-1.9783064014746257,30,0
traffic_load,shortest_path_pqc,avg_SCI,0.05614096690164957,0.03931454205285824,0.0724227700606887,30,26
traffic_load,shortest_path_pqc,avg_SDI,-0.03076329362303105,-0.03956051039549225,-0.022849059347688883,30,0
traffic_load,shortest_path_pqc,secure_feasible_ratio,0.04083333333333334,0.020555555555555556,0.06194444444444445,30,21
traffic_load,shortest_path_pqc,allocated_ratio,-0.016388888888888897,-0.043062500000000004,0.008618055555555506,30,11
traffic_load,shortest_path_pqc,avg_latency,2.231531455627923,1.3608948178254987,3.0514338593359485,30,26
traffic_load,random,avg_SCI,0.09502500019965136,0.08280993136341612,0.10730210930805088,30,30
traffic_load,random,avg_SDI,-0.06809789576673052,-0.0793243741442237,-0.05749983050777093,30,0
traffic_load,random,secure_feasible_ratio,0.02083333333333334,0.003333333333333351,0.038888888888888896,30,21
traffic_load,random,allocated_ratio,0.030000000000000002,0.01111111111111112,0.04805555555555554,30,20
traffic_load,random,avg_latency,-5.247842799640592,-5.9193604511916975,-4.584688389145599,30,0
