parameter,value,scope,secure_feasible_ratio,avg_SCI,avg_functional_score,avg_security_margin,decision_change_fraction,regime_label_change_fraction
alpha,0.35,model+controller,0.7372222222222222,0.45505663644615957,-0.5854892984110265,0.19348745782712937,0.12916666666666668,0.07638888888888887
alpha,0.45,model+controller,0.6366666666666666,0.4393095406120814,-0.612135922288153,0.16673928881944125,0.06916666666666665,0.041666666666666664
alpha,0.55,model+controller,0.5980555555555556,0.43829065680990087,-0.635697511003258,0.14414438959550926,0.0,0.0
alpha,0.65,model+controller,0.573888888888889,0.44024938609586395,-0.6590465770265099,0.12201800039028511,0.07,0.04583333333333332
alpha,0.75,model+controller,0.5575,0.4436391379616886,-0.6828605378497122,0.09976327623743118,0.1172222222222222,0.07499999999999998
lambda_H,0.0,controller,0.5980555555555556,0.43754377962560603,-0.636237143053422,0.14380098278944808,0.02777777777777778,0.0125
lambda_H,0.125,controller,0.5983333333333333,0.4380305461178191,-0.6358366416059412,0.14408014015458467,0.014166666666666668,0.005555555555555555
lambda_H,0.25,controller,0.5980555555555556,0.43829065680990087,-0.635697511003258,0.14414438959550926,0.0,0.0
lambda_H,0.5,controller,0.5961111111111111,0.4378471138850207,-0.635431882094851,0.14364700667328142,0.024444444444444446,0.005555555555555555
lambda_H,1.0,controller,0.5963888888888889,0.4376042331102031,-0.6359686607547215,0.14281739854993977,0.06944444444444443,0.01944444444444444
lambda_R,0.0,controller,0.5969444444444445,0.43729977097190503,-0.6367469135999883,0.1436374828961133,0.1386111111111111,0.016666666666666666
lambda_R,0.225,controller,0.5983333333333333,0.4385947026156469,-0.6357364088648085,0.14437172583461166,0.09166666666666665,0.006944444444444444
lambda_R,0.45,controller,0.5980555555555556,0.43829065680990087,-0.635697511003258,0.14414438959550926,0.0,0.0
lambda_R,0.9,controller,0.5983333333333332,0.4383814857463333,-0.636281208880805,0.14388984155083318,0.13500000000000004,0.00972222222222222
lambda_R,1.35,controller,0.5983333333333332,0.43650399952124136,-0.6385403725403817,0.14162613498937907,0.22055555555555553,0.016666666666666666
beta_trust,0.0,model+controller,0.6230555555555556,0.48125322679673377,-0.5996030745126935,0.17996427132450998,0.09055555555555556,0.045833333333333344
beta_trust,0.11,model+controller,0.6113888888888889,0.4592187316807726,-0.6178874127212192,0.16191929824645576,0.04388888888888889,0.025
beta_trust,0.22,model+controller,0.5980555555555556,0.43829065680990087,-0.635697511003258,0.14414438959550926,0.0,0.0
beta_trust,0.33,model+controller,0.5847222222222221,0.4184187661091362,-0.6532938727169374,0.12698981413639493,0.031111111111111107,0.037500000000000006
beta_trust,0.44,model+controller,0.5741666666666666,0.39886563542300124,-0.6708141481807407,0.10954897689002133,0.057499999999999996,0.075
w_ell,0.0,controller,0.5819444444444444,0.41857154219033094,-0.6523025909699104,0.1326462637145365,0.2816666666666666,0.0736111111111111
w_ell,0.15,controller,0.5944444444444444,0.4329838895111617,-0.6405877486134025,0.14092958753618012,0.1425,0.02083333333333333
w_ell,0.3,controller,0.5980555555555556,0.43829065680990087,-0.635697511003258,0.14414438959550926,0.0,0.0
w_ell,0.6,controller,0.601388888888889,0.4414715312456699,-0.6339151135832339,0.14557791695646985,0.1597222222222222,0.015277777777777777
w_ell,0.9,controller,0.6072222222222222,0.4435533428073655,-0.6334543926526536,0.14621803708651918,0.2275,0.041666666666666664
beta_risk,"(0.45, 0.3, 0.25)",controller,0.5980555555555556,0.43829065680990087,-0.635697511003258,0.14414438959550926,0.0,0.0
beta_risk,"(0.7, 0.15, 0.15)",controller,0.5986111111111111,0.438358866381123,-0.6358060900614716,0.14406184638830638,0.04527777777777778,0.008333333333333333
beta_risk,"(0.15, 0.7, 0.15)",controller,0.5977777777777777,0.43752018845053425,-0.6356656664831793,0.14383207976312343,0.06972222222222221,0.008333333333333333
beta_risk,"(0.15, 0.15, 0.7)",controller,0.5986111111111112,0.4372189907240379,-0.636570934500634,0.14355113745280282,0.11083333333333333,0.0125
beta_risk,"(0.3333333333333333, 0.3333333333333333, 0.3333333333333333)",controller,0.5975,0.4376378028694565,-0.6358575109889846,0.14384736412984944,0.029166666666666664,0.0027777777777777775
thresholds,-0.25,regime labels,0.5980555555555556,0.43829065680990087,-0.635697511003258,0.14414438959550926,0.0,0.09305555555555554
thresholds,0.0,regime labels,0.5980555555555556,0.43829065680990087,-0.635697511003258,0.14414438959550926,0.0,0.0
thresholds,0.25,regime labels,0.5980555555555556,0.43829065680990087,-0.635697511003258,0.14414438959550926,0.0,0.20138888888888892
