time,u,v,link_class,is_available,transmissivity,excess_noise,qber,capacity,assurance,trust_score,latency_ms,supports_qkd,q_rate,p_rate
0,SAT_1,SAT_2,inter_satellite,True,0.3134422858275159,0.026099571391601937,0.09362589668426578,9.16052462767532,0.9565871292291458,0.9000382372018105,24.696914711573136,True,0.046352753333714046,7.711299161122326
0,SAT_1,UAV_1,satellite_aerial,True,0.289665481284141,0.03489505917631142,0.09876497805804062,13.713286645203958,0.890141116811293,0.8150556885017979,26.605232899992213,True,0.027583065332035094,10.741949054773412
0,SAT_1,GW_1,satellite_gateway,True,0.18942323263314362,0.0397736861333122,0.11335870475769162,12.165794077763117,0.8947496598683097,0.8397926210411776,22.962919529472316,True,0.0,9.579099299533672
0,SAT_2,UAV_2,satellite_aerial,True,0.20034367579099963,0.07766768839455647,0.12773555876115145,7.174206454211351,0.8653409405217848,0.7081442452440833,30.56123769228409,True,0.0,5.463158413314544
0,SAT_2,GW_2,satellite_gateway,True,0.15063090923757547,0.0755960890786046,0.1409206781844507,8.884963455178394,0.8555689559052303,0.7866878901143727,44.735201966305986,True,0.0,6.689495037810732
0,UAV_1,GW_1,aerial_gateway,True,0.31474816069186967,0.01778339492908842,0.07241726880686367,16.563209055700863,0.8812012686421262,0.8815993166749403,10.642261390593978,True,0.11691788842784245,12.844058332748153
0,UAV_1,BS_2,aerial_access,True,0.5605377486665262,0.019615338285834748,0.0747991306340464,16.448168074636538,0.8774826535109317,0.8589319879381707,13.432016739994078,True,0.23491592057206867,12.701024307422758
0,UAV_2,GW_2,aerial_gateway,True,0.29992032603758867,0.021140632634242255,0.08004283672601692,17.412287152959387,0.9187231530076869,0.8355059677449497,15.278167606938501,True,0.0849497329259576,14.077422791733039
0,UAV_2,BS_2,aerial_access,True,0.46232236304012664,0.02482102250569875,0.061829833610092685,18.418266093326075,0.9012425067986072,0.8635821023971042,6.4958518696086225,True,0.2465893902153196,14.607405388253023
0,GW_1,BS_1,gateway_backhaul,True,0.8967507018132386,0.014635756271005726,0.0312906168906437,22.798379026570355,0.8636981401481527,0.857229733975329,7.283332604356332,False,0.0,17.328007456004492
0,GW_1,BS_2,gateway_backhaul,True,0.6448502701540683,0.010373398125708363,0.046007821922935094,14.62869351613916,0.8937660670426396,0.8809343495458489,4.798904897197615,False,0.0,11.505674285504837
0,GW_2,BS_2,gateway_backhaul,True,0.8054508943736566,0.013896200594649084,0.039709429281505844,24.10189513690515,0.9576824461599242,0.8424630739968991,8.085831703416607,False,0.0,20.31212646478515
0,GW_2,BS_3,gateway_backhaul,True,0.5673726281909405,0.005637463659105719,0.050875377327329795,15.94989410216807,0.9201253730124036,0.8623346883726823,6.648212580078325,False,0.0,12.914793989033845
0,BS_1,BS_2,terrestrial_backhaul,True,0.8926623265073401,0.009222944074015423,0.025124148297187607,30.00426253721204,0.919799387160873,0.8418485125608123,3.487883021925159,False,0.0,24.286154018668583
0,BS_1,DC_1,metro_core,True,0.8446746884158423,0.012888768118790668,0.0377476990758401,26.054729942882393,0.9872258739612951,0.9361792749026933,5.020232734867065,False,0.0,22.635275114045086
0,BS_2,BS_3,terrestrial_backhaul,True,0.9195056519801151,0.009300316763704243,0.020844453100367075,33.52335444121607,0.9301353918816972,0.8550903998895246,2.008735578402298,False,0.0,27.439507409925202
0,BS_2,DC_1,metro_core,True,0.8236807885667741,0.009377438785262301,0.027138774416960856,33.1080503026759,0.9647516660355843,0.8791085390132615,5.691916465921756,False,0.0,28.108121086052922
0,BS_3,DC_1,metro_core,False,0.10389017707497925,0.014560877503967123,0.11074418202857853,25.975878786823937,0.9037452756475703,0.8847512044814848,2.4807494718342493,False,0.0,20.658508406259745
1,SAT_1,SAT_2,inter_satellite,False,0.06549051259203391,0.03552957208597703,0.15138325936509797,8.813361425562201,0.9565871292291458,0.8824044868072279,30.2860849261609,True,0.0,7.419058332344945
1,SAT_1,UAV_1,satellite_aerial,True,0.2753892251593612,0.034430431646043175,0.10201278245862208,13.71069279933696,0.890141116811293,0.8493526324517516,24.455704428419224,True,0.018370767846261495,10.739917232579351
1,SAT_1,GW_1,satellite_gateway,False,0.03941905373523884,0.08107130111580642,0.15589926577372365,12.209007681460774,0.8947496598683097,0.815845533377539,25.477799828932508,True,0.0,9.613124813878615
1,SAT_2,UAV_2,satellite_aerial,True,0.19045293336986702,0.08287182735498802,0.1245614791143706,7.05623994728655,0.8653409405217848,0.7056887865344181,30.66451350448995,True,0.0,5.373326915028453
1,SAT_2,GW_2,satellite_gateway,True,0.14483980833967,0.06973254362281145,0.13072703439959515,8.595978649845861,0.8555689559052303,0.7733525816557558,45.6732588138825,True,0.0,6.471918181020402
1,UAV_1,GW_1,aerial_gateway,False,0.05952647811833071,0.0230416213029899,0.10979569860576503,16.59689356094108,0.8812012686421262,0.8524536920215522,13.151654341993723,True,0.00010408641676376532,12.870179222049263
1,UAV_1,BS_2,aerial_access,True,0.5330732641576341,0.019196205671568885,0.07519936222116569,16.705493036784933,0.8774826535109317,0.88177451855689,13.706852525384353,True,0.21524487421243985,12.899726715151262
1,UAV_2,GW_2,aerial_gateway,True,0.3080239291862008,0.02204469909047435,0.07791402024523716,17.177627470363696,0.9187231530076869,0.8307811246400078,16.193479435254858,True,0.0941582148696564,13.887705982272312
1,UAV_2,BS_2,aerial_access,True,0.43001692003747366,0.027063532943971024,0.06137435918974374,18.232215254378506,0.9012425067986072,0.8530185987032584,6.598254419595887,True,0.22380332036279013,14.459849694706143
1,GW_1,BS_1,gateway_backhaul,True,0.8705299554021287,0.013241749751686559,0.030430929740536232,22.273929067271485,0.8636981401481527,0.8780802507354617,7.244040192586227,False,0.0,16.92939697609095
1,GW_1,BS_2,gateway_backhaul,True,0.6286474817457606,0.01167473456291647,0.05224565813771395,14.810050873902034,0.8937660670426396,0.8619736116925185,4.747240311942745,False,0.0,11.64831441159657
1,GW_2,BS_2,gateway_backhaul,True,0.8129587568120109,0.013181502311902734,0.03716270811672891,23.420457250873312,0.9576824461599242,0.8554048990031692,7.579140667492221,False,0.0,19.73783749537625
1,GW_2,BS_3,gateway_backhaul,True,0.570330270701055,0.005797175450310056,0.050271093654742194,16.314723820840825,0.9201253730124036,0.852305130136251,6.536514653252806,False,0.0,13.210200380296051
1,BS_1,BS_2,terrestrial_backhaul,True,0.9134518243798239,0.009562174811878207,0.02375437110175983,29.887252182975484,0.919799387160873,0.8401915839649691,3.5172258424447005,False,0.0,24.191443092804516
1,BS_1,DC_1,metro_core,True,0.8673107446046308,0.0127704352323259,0.03383408570986402,27.472559094660074,0.9872258739612951,0.9497368606642053,5.041059614598267,False,0.0,23.867026622717624
1,BS_2,BS_3,terrestrial_backhaul,True,0.8704291935457911,0.009188319902438322,0.017195735827936154,34.01851888689161,0.9301353918816972,0.8760994183902834,1.9456845440807429,False,0.0,27.84480898856259
1,BS_2,DC_1,metro_core,True,0.8317423622917917,0.009166850613705223,0.031453307974919416,32.90358794525596,0.9647516660355843,0.9080965250943459,5.695673592270507,False,0.0,27.934536334085966
1,BS_3,DC_1,metro_core,True,0.861028607504764,0.009385076862363822,0.0161429023140151,25.376623516625436,0.9037452756475703,0.9323387993389586,1.6548742389359723,False,0.0,20.181923181232797
2,SAT_1,SAT_2,inter_satellite,False,0.03253634521013082,0.04714508481189589,0.14628181998906786,8.720208749640909,0.9565871292291458,0.8738467029155741,27.202043461093616,True,0.0,7.340642719606131
2,SAT_1,UAV_1,satellite_aerial,True,0.2752145672551275,0.0365216602412594,0.09522796133945567,13.222460273609927,0.890141116811293,0.8331110979156815,25.372757252934054,True,0.03419618581961392,10.357472888350804
2,SAT_1,GW_1,satellite_gateway,True,0.17563070863598443,0.04826857947546579,0.11288329314228861,11.890368530679176,0.8947496598683097,0.8444675431134996,24.155753322744957,True,0.0,9.36223481470996
2,SAT_2,UAV_2,satellite_aerial,True,0.1825400538032155,0.08447828642850629,0.11978197434532266,6.914316905065026,0.8653409405217848,0.695086275844019,30.663576320667143,True,0.0,5.265252514451288
2,SAT_2,GW_2,satellite_gateway,True,0.14704780050786234,0.07011700771803528,0.13122524297704916,9.18104092181779,0.8555689559052303,0.7879334282369727,46.70871970845038,True,0.0,6.912411964130499
2,UAV_1,GW_1,aerial_gateway,True,0.31479271738319187,0.017595948466735328,0.07974193594240611,17.32774403485784,0.8812012686421262,0.8705654129459828,9.730105463799074,True,0.09234392114274223,13.436922423076032
2,UAV_1,BS_2,aerial_access,True,0.5499732976833285,0.01991363744799836,0.07237595790059274,16.11698040653863,0.8774826535109317,0.8867065032499246,12.346501018853408,True,0.24518757395873125,12.445286245667626
2,UAV_2,GW_2,aerial_gateway,True,0.3114510676347103,0.02111943479322043,0.0765010223317322,18.453066521746685,0.9187231530076869,0.8405125655619986,16.123552052793826,True,0.10038575039701653,14.91886832261734
2,UAV_2,BS_2,aerial_access,True,0.4341803006484482,0.028668925056248837,0.05616717634432133,18.354744250369656,0.9012425067986072,0.873170127426915,6.582124380255155,True,0.25335942965747615,14.557026633468416
2,GW_1,BS_1,gateway_backhaul,True,0.8688984549285178,0.013493699288359277,0.02700934106176027,21.86549416126595,0.8636981401481527,0.8756907728413548,7.069594684492308,False,0.0,16.61896424364501
2,GW_1,BS_2,gateway_backhaul,True,0.6206050824447674,0.009723212542837699,0.04196549021405818,14.741267379930072,0.8937660670426396,0.8676430860310936,4.598486116343919,False,0.0,11.59421522105797
2,GW_2,BS_2,gateway_backhaul,True,0.7949168158042618,0.012632099078377418,0.03754994648786918,25.274099817569976,0.9576824461599242,0.8401417449089298,7.487716069303933,False,0.0,21.30001432924685
2,GW_2,BS_3,gateway_backhaul,True,0.5583247503450125,0.0056108074469140515,0.04291898466921899,16.026808566469125,0.9201253730124036,0.8554166550527699,6.6351935745304464,False,0.0,12.977072425170295
2,BS_1,BS_2,terrestrial_backhaul,True,0.9291582423150896,0.009171436757505527,0.02348566527534431,30.538153460282192,0.919799387160873,0.8342789356730292,3.3464791905159856,False,0.0,24.718297857257184
2,BS_1,DC_1,metro_core,True,0.8306451311028978,0.011617134012496111,0.032237876327918115,26.926378438185044,0.9872258739612951,0.9693766586941668,4.8473219275563,False,0.0,23.39252738789983
2,BS_2,BS_3,terrestrial_backhaul,True,0.8503957070161791,0.008736717027381826,0.020985050256362055,33.338975332187225,0.9301353918816972,0.8673039815626629,1.7867718899650227,False,0.0,27.28858957927362
2,BS_2,DC_1,metro_core,True,0.8316155966941551,0.009326914880121611,0.025842378219375788,35.924516440483245,0.9647516660355843,0.8982336235468239,5.652809814855104,False,0.0,30.499248636981473
2,BS_3,DC_1,metro_core,True,0.8398010513883193,0.008138091408300956,0.02467420037029197,29.132551210136793,0.9037452756475703,0.9483232622560519,1.673585755655559,False,0.0,23.16899686087539
3,SAT_1,SAT_2,inter_satellite,True,0.280837059773659,0.029058311724363895,0.09109058568307064,8.766857712412506,0.9565871292291458,0.9262142207681135,21.008596398735452,True,0.046667919965059985,7.3799116612998255
3,SAT_1,UAV_1,satellite_aerial,True,0.2736920337057763,0.035597759188202474,0.0946590741143592,13.225105067104224,0.890141116811293,0.8488819745094831,23.88499717890623,True,0.03546141096648302,10.359544619053382
3,SAT_1,GW_1,satellite_gateway,True,0.1715624686755513,0.05034240242556116,0.11100362417409784,12.091282702697832,0.8947496598683097,0.83535484707671,22.668416112267703,True,0.0,9.520430555337207
3,SAT_2,UAV_2,satellite_aerial,True,0.1771798887809083,0.08534689041014139,0.12690767701200673,6.6495993174493755,0.8653409405217848,0.7071176311218091,29.797185915270102,True,0.0,5.063670064160101
3,SAT_2,GW_2,satellite_gateway,True,0.1475859039525195,0.07428301473421405,0.12729228828650663,8.953071703242976,0.8555689559052303,0.7941388968847509,47.51369209803948,True,0.0,6.740773784173665
3,UAV_1,GW_1,aerial_gateway,True,0.3199900315398662,0.01858398270608702,0.07584707512388726,17.091690832625428,0.8812012686421262,0.8730148415535711,10.067729196361846,True,0.10703774877592638,13.253873287554702
3,UAV_1,BS_2,aerial_access,True,0.5229848810268604,0.020665646352248872,0.07497575402134578,16.221806888269448,0.8774826535109317,0.8692319188750932,12.359407962528827,True,0.20944284116483453,12.526231654693316
3,UAV_2,GW_2,aerial_gateway,False,0.06654337874472889,0.035504377153263586,0.1214487379575356,19.301487380313628,0.9187231530076869,0.8086224835447717,21.507388231459178,True,0.0,15.604796542526238
3,UAV_2,BS_2,aerial_access,True,0.4291445728049841,0.027304144906235055,0.05440621197092214,17.72975785161655,0.9012425067986072,0.8687028396821327,6.127165816076245,True,0.2604038649618016,14.061354041788407
3,GW_1,BS_1,gateway_backhaul,True,0.8509948639893894,0.014688413553470845,0.02625314461937968,22.110336509292285,0.8636981401481527,0.8818477508245481,6.587815832262651,False,0.0,16.805057738590477
3,GW_1,BS_2,gateway_backhaul,True,0.6030966110319903,0.011280812777010724,0.045559426364314794,15.34507678869851,0.8937660670426396,0.8681480147821845,4.629259855801445,False,0.0,12.069119858314082
3,GW_2,BS_2,gateway_backhaul,True,0.8081800759084322,0.012873912153690133,0.03124338280994253,24.194540935317296,0.9576824461599242,0.8535810605009502,7.616378718155362,False,0.0,20.390204689052958
3,GW_2,BS_3,gateway_backhaul,True,0.5751466092618791,0.006285918763914032,0.03539075893781956,16.20723630804745,0.9201253730124036,0.8435990639894551,6.160702140261582,False,0.0,13.12316663102925
3,BS_1,BS_2,terrestrial_backhaul,True,0.9339459468794306,0.00881566730242865,0.01473324197023429,32.002495581536934,0.919799387160873,0.8454583324489259,3.320912289963369,False,0.0,25.90357072469427
3,BS_1,DC_1,metro_core,True,0.8153978273872635,0.012712540316953742,0.0324889343051591,28.07176733636978,0.9872258739612951,0.9802811762810661,4.450420685553367,False,0.0,24.3875940372115
3,BS_2,BS_3,terrestrial_backhaul,True,0.8580000126828441,0.009077280090119336,0.010398450198790037,32.986836230436126,0.9301353918816972,0.8642174252342103,1.8445552716806732,False,0.0,27.000356982837985
3,BS_2,DC_1,metro_core,True,0.831209421398965,0.008733658261123729,0.02624838256499979,36.55753227178124,0.9647516660355843,0.8798373863730715,5.528732902127086,False,0.0,31.03666734550852
3,BS_3,DC_1,metro_core,False,0.18749446138826728,0.015798411923703033,0.09095750718645787,29.17470232971245,0.9037452756475703,0.8959245681755089,1.819363242833375,False,0.0,23.202519471033575
4,SAT_1,SAT_2,inter_satellite,True,0.2790261441020035,0.02900242403386155,0.08900721833745372,8.884008484737507,0.9565871292291458,0.8963563889444737,20.688671528768378,True,0.05169860850245029,7.478528791766934
4,SAT_1,UAV_1,satellite_aerial,False,0.01993088337134912,0.05805579631643306,0.14232901001717915,12.708313835173717,0.890141116811293,0.7822780771654738,25.334798016872593,True,0.0,9.954729549626347
4,SAT_1,GW_1,satellite_gateway,True,0.17050008262093214,0.04879914356204404,0.1104168930533852,11.511731599989394,0.8947496598683097,0.8414163878983165,22.805804406819814,True,0.0,9.064103781555488
4,SAT_2,UAV_2,satellite_aerial,True,0.1739954877726713,0.08675763441683843,0.1235648015711286,6.35727092059797,0.8653409405217848,0.6956634193755447,31.132676178961987,True,0.0,4.841061981872196
4,SAT_2,GW_2,satellite_gateway,True,0.15073714984327297,0.07397317876349846,0.1276997019208313,9.083113306016386,0.8555689559052303,0.7873509515298712,46.95204004530089,True,0.0,6.838682195485663
4,UAV_1,GW_1,aerial_gateway,True,0.3249058343303256,0.01826557634896856,0.07492203242806716,17.91876155947391,0.8812012686421262,0.8772076106105787,10.100513483373687,True,0.11243384804334466,13.895231168459674
4,UAV_1,BS_2,aerial_access,True,0.5101361710991988,0.02026285394503799,0.0712914706766678,16.27625908048347,0.8774826535109317,0.8717201573753005,11.338195639711635,True,0.2258287396899613,12.568278806313149
4,UAV_2,GW_2,aerial_gateway,True,0.3107567117619365,0.02079217205781643,0.07722443007065918,18.67839806732276,0.9187231530076869,0.8694607659194208,15.401409951827388,True,0.09788733414780441,15.101043553678238
4,UAV_2,BS_2,aerial_access,False,0.06424793788531509,0.051240698107759386,0.11564043540510943,17.586403289695085,0.9012425067986072,0.8366883460767292,8.452633576083569,True,0.0,13.94766048401094
4,GW_1,BS_1,gateway_backhaul,True,0.8571815656175492,0.015368356709747797,0.02456061701178566,23.458102615937193,0.8636981401481527,0.8734810071494601,6.314386043647081,False,0.0,17.829433248694734
4,GW_1,BS_2,gateway_backhaul,True,0.613198633057281,0.01124140944773756,0.05449530974881282,15.826833010196934,0.8937660670426396,0.8641531029378309,4.432011577219945,False,0.0,12.448027938072613
4,GW_2,BS_2,gateway_backhaul,True,0.8006608951805205,0.013357678353457194,0.034631089025824915,25.530677104160386,0.9576824461599242,0.8531205401199934,7.239710076083555,False,0.0,21.516247545083708
4,GW_2,BS_3,gateway_backhaul,True,0.5629104938150052,0.0061711228427271305,0.040154780588217684,16.97470631994716,0.9201253730124036,0.8560494730010231,6.003040204444481,False,0.0,13.7445950262873
4,BS_1,BS_2,terrestrial_backhaul,True,0.9324638499247359,0.008570080009700224,0.015678711594592484,31.96425864016011,0.919799387160873,0.8589829238245221,3.20547212557104,False,0.0,25.8726208472784
4,BS_1,DC_1,metro_core,True,0.806081037127195,0.012777919687497663,0.023487825403721133,26.463210757181326,0.9872258739612951,0.9586965942830304,4.429668929825658,False,0.0,22.99014640347065
4,BS_2,BS_3,terrestrial_backhaul,True,0.8250891113524552,0.009778546289560788,0.01956164098923428,31.95216451979688,0.9301353918816972,0.8918050394149366,1.733302488209883,False,0.0,26.153458379038966
4,BS_2,DC_1,metro_core,True,0.8552897154266981,0.008707095672441156,0.014929787971553431,36.62879732010661,0.9647516660355843,0.9119657570186368,5.453351092580108,False,0.0,31.09717005071828
4,BS_3,DC_1,metro_core,True,0.8808802022710341,0.008874460361486739,0.02082826050541627,29.661182180142674,0.9037452756475703,0.9232221572478346,1.5397153533251082,False,0.0,23.589414873574743
5,SAT_1,SAT_2,inter_satellite,True,0.278946913673075,0.02952841194645775,0.09097785113254803,8.791048218619244,0.9565871292291458,0.8864149363773032,19.875985158967428,True,0.046498086463101704,7.400275148960301
5,SAT_1,UAV_1,satellite_aerial,False,0.02564821259561411,0.044871702602199574,0.13688676886828774,12.691466389711504,0.890141116811293,0.7829599944014015,31.87394044336422,True,0.0,9.941532538177492
5,SAT_1,GW_1,satellite_gateway,True,0.17458536935529118,0.045710859387096965,0.10792522426012008,11.29168506784427,0.8947496598683097,0.8426896844493288,23.596026217555234,True,0.002704009324172077,8.890843608938484
5,SAT_2,UAV_2,satellite_aerial,True,0.18514822267161582,0.08429900653344875,0.1217561138525165,6.574055710747151,0.8653409405217848,0.7026295895652974,31.176143742246893,True,0.0,5.0061436055668835
5,SAT_2,GW_2,satellite_gateway,False,0.03636185397639067,0.11279271866483641,0.15542424215391723,9.413064632358706,0.8555689559052303,0.7519461440521514,62.16946103242453,True,0.0,7.087102773850518
5,UAV_1,GW_1,aerial_gateway,True,0.3295916457740386,0.018307912515225563,0.07864038657186022,18.579415441389312,0.8812012686421262,0.8684272439279485,9.417540906921817,True,0.10124609423936079,14.407539922671607
5,UAV_1,BS_2,aerial_access,True,0.48347763612504957,0.021046193895828787,0.0753996378106137,15.673425158619326,0.8774826535109317,0.857525114514057,11.176326499608354,True,0.18416981908442248,12.102779654055448
5,UAV_2,GW_2,aerial_gateway,True,0.32953388839524206,0.020464654789499326,0.0702636675909081,19.892051739830148,0.9187231530076869,0.8694991055652106,16.15078558060631,True,0.13014297407707462,16.082253874903742
5,UAV_2,BS_2,aerial_access,True,0.4182720676126094,0.028636699397051393,0.055352710742965126,17.82310897443659,0.9012425067986072,0.8544680900092155,6.581686287536167,True,0.24531829825241253,14.135390201738067
5,GW_1,BS_1,gateway_backhaul,True,0.8226825889226957,0.014489214107464836,0.02917589193687155,21.990011071778017,0.8636981401481527,0.8770404483975598,5.842348156226059,False,0.0,16.713603864788126
5,GW_1,BS_2,gateway_backhaul,True,0.6009077105283898,0.01126960841379651,0.04722640397008074,15.454799794059928,0.8937660670426396,0.8635565738514199,4.360737622872854,False,0.0,12.155418553404138
5,GW_2,BS_2,gateway_backhaul,True,0.8116370632146743,0.012051515359125489,0.033500002440773,25.488195409836077,0.9576824461599242,0.8470123481384288,6.869869296497938,False,0.0,21.48044564889869
5,GW_2,BS_3,gateway_backhaul,False,0.11971539927823317,0.009127554443758597,0.10690687434128555,18.4826167518286,0.9201253730124036,0.8312514755330185,7.333096967046239,False,0.0,14.965565677059
5,BS_1,BS_2,terrestrial_backhaul,True,0.9239112122852663,0.009108314100494603,0.017325116639917256,33.2466683914188,0.919799387160873,0.8577601633321746,3.050845794709894,False,0.0,26.910633386179647
5,BS_1,DC_1,metro_core,True,0.7673828972426745,0.01365603772020411,0.02927370089663545,26.600633645339798,0.9872258739612951,0.9637666958470643,4.103440942173104,False,0.0,23.109533742631438
5,BS_2,BS_3,terrestrial_backhaul,True,0.8082867182873203,0.0096564782070477,0.018410326983941704,33.08036443813869,0.9301353918816972,0.8738428393978901,1.7760360327618088,False,0.0,27.076911611426592
5,BS_2,DC_1,metro_core,True,0.8160374962022001,0.008474783340182925,0.016897675126420895,39.01904225184225,0.9647516660355843,0.9014392741365513,5.431154952785046,False,0.0,33.126443697228346
5,BS_3,DC_1,metro_core,False,0.16779945777363486,0.013040399102438613,0.10445928630079579,31.035628531926914,0.9037452756475703,0.9046281539394617,2.1008659266724763,False,0.0,24.682506342984063
6,SAT_1,SAT_2,inter_satellite,True,0.2810497873472169,0.029061145337561486,0.08777177944801132,8.290441332940576,0.9565871292291458,0.897251910127513,20.550325817522275,True,0.055373716601563726,6.978865937753845
6,SAT_1,UAV_1,satellite_aerial,False,0.05101978599137701,0.05751446318884562,0.14100719899870617,13.073478741624715,0.890141116811293,0.7917994695110411,28.504650072669616,True,0.0,10.2407720515571
6,SAT_1,GW_1,satellite_gateway,True,0.17125107338775905,0.0497964929756227,0.10787051875223513,11.80239682177862,0.8947496598683097,0.833237647399263,23.02970231495418,True,0.0026724009522296438,9.292967676887171
6,SAT_2,UAV_2,satellite_aerial,True,0.18265458615701835,0.08693802450814778,0.12059492861931576,6.615548280899287,0.8653409405217848,0.70064261958307,29.920932219382593,True,0.0,5.037740198885386
6,SAT_2,GW_2,satellite_gateway,False,0.01181164077704765,0.11827435627619175,0.17951395482893662,9.219066873836596,0.8555689559052303,0.7558508554889201,57.65968780632002,True,0.0,6.941041729308607
6,UAV_1,GW_1,aerial_gateway,True,0.3258516168564923,0.016782826820155028,0.07688216319867233,19.046619126879133,0.8812012686421262,0.8738769269662492,10.21181693026831,True,0.10658848401250652,14.769836345395364
6,UAV_1,BS_2,aerial_access,True,0.4978792279479977,0.02070033642665968,0.06969423911728984,16.357260509104755,0.8774826535109317,0.8619448945248583,12.207082646819643,True,0.22763207839229616,12.630826873014955
6,UAV_2,GW_2,aerial_gateway,False,0.04638403255282231,0.025421519754283937,0.1119338933916108,19.643390660073127,0.9187231530076869,0.817607504186585,19.938666595554427,True,0.0,15.881217266626036
6,UAV_2,BS_2,aerial_access,True,0.4330036448912205,0.029370810778545118,0.05141571367098325,18.1880947082238,0.9012425067986072,0.8496842582655567,6.354225290153801,True,0.2780539456239455,14.424857980482487
6,GW_1,BS_1,gateway_backhaul,True,0.8041093208203753,0.01466997401981736,0.025088831954968152,22.499153347369223,0.8636981401481527,0.8912453106123189,5.77946662237835,False,0.0,17.100579672907177
6,GW_1,BS_2,gateway_backhaul,True,0.6207671030203504,0.010849146893850513,0.049763006275105874,16.630841740878058,0.8937660670426396,0.8875468510296938,4.116352084920248,False,0.0,13.08039217263077
6,GW_2,BS_2,gateway_backhaul,True,0.7976003430292239,0.012595585687256416,0.036857666716176386,25.64079435390977,0.9576824461599242,0.8507607945700111,6.901838279170895,False,0.0,21.609050019335573
6,GW_2,BS_3,gateway_backhaul,True,0.5973992092224495,0.005905981148463553,0.046996890563525365,18.356078216440316,0.9201253730124036,0.8550502511577316,5.075302009493109,False,0.0,14.863106118033363
6,BS_1,BS_2,terrestrial_backhaul,True,0.9154815155820264,0.009430457060219706,0.014569321599542086,33.73549353236357,0.919799387160873,0.8591420033336458,3.0130830796873016,False,0.0,27.30629992344109
6,BS_1,DC_1,metro_core,False,0.13930899945704298,0.019025543093570473,0.11953883924573183,26.042683563789407,0.9872258739612951,0.9228487873938578,4.588510689198788,False,0.0,22.62480971657232
6,BS_2,BS_3,terrestrial_backhaul,True,0.7825337690877944,0.009426161343305954,0.015071437296926242,34.851868809574626,0.9301353918816972,0.8777185548259122,1.8146052757399578,False,0.0,28.52692185464281
6,BS_2,DC_1,metro_core,True,0.829522861379286,0.0076902876795007045,0.019697423881289006,39.02148209517627,0.9647516660355843,0.9305524529895354,5.264660482947815,False,0.0,33.12851507899914
6,BS_3,DC_1,metro_core,True,0.9091125797762335,0.008829909582236471,0.018936295228869655,31.71619083571638,0.9037452756475703,0.9287422894120607,1.5921334025813632,False,0.0,25.22375471379759
7,SAT_1,SAT_2,inter_satellite,True,0.2801026193912923,0.026864130474026637,0.08823691422886698,8.44206427306125,0.9565871292291458,0.898634052098648,21.748445819326342,True,0.054410181570426826,7.106501624407325
7,SAT_1,UAV_1,satellite_aerial,True,0.26042740308019546,0.03362717184548105,0.09221768163066396,13.049389984512272,0.890141116811293,0.8298092658169193,25.989512701743134,True,0.03932217950427654,10.221902745577474
7,SAT_1,GW_1,satellite_gateway,True,0.18024865585764402,0.044655678437220986,0.10420086417960149,11.457997639968996,0.8947496598683097,0.8282054143651323,23.53352323510203,True,0.00786736311687362,9.021794752198055
7,SAT_2,UAV_2,satellite_aerial,False,0.022374800056666536,0.11030018779682293,0.16563890522544802,6.659368207466877,0.8653409405217848,0.68941309476051,40.47563376411209,True,0.0,5.071109074178628
7,SAT_2,GW_2,satellite_gateway,True,0.144545057214667,0.06526605130045303,0.12057271567970793,9.280465607335515,0.8555689559052303,0.7681107010662791,43.156075881048906,True,0.0,6.987268877584552
7,UAV_1,GW_1,aerial_gateway,True,0.33723607784553994,0.01656225650652259,0.0839332932839656,19.330828589961815,0.8812012686421262,0.8568669526272971,10.161562102534747,True,0.08595494203127717,14.990228596092496
7,UAV_1,BS_2,aerial_access,True,0.4823594370523855,0.019380400157216926,0.06847956421197585,15.874168145596748,0.8774826535109317,0.8693620377464373,12.078939971168692,True,0.22609806235366722,12.257790324275707
7,UAV_2,GW_2,aerial_gateway,True,0.3242952875679602,0.020729457317702028,0.06940442715805405,19.792155944131174,0.9187231530076869,0.8383536111330568,15.017535472152227,True,0.13054842345749101,16.001490484154584
7,UAV_2,BS_2,aerial_access,True,0.4362421205313466,0.02895940732589205,0.05371233235910142,17.79519616943009,0.9012425067986072,0.8606142961457841,6.2100456808456155,True,0.26834063382140566,14.113252740144928
7,GW_1,BS_1,gateway_backhaul,True,0.8132032407431393,0.013957516869769458,0.027580301508791993,21.720399754500416,0.8636981401481527,0.8705485485545913,5.609355617249848,False,0.0,16.508684606688036
7,GW_1,BS_2,gateway_backhaul,True,0.6509657803070229,0.010613974188982618,0.04558650590759871,17.387747215788195,0.8937660670426396,0.865590236390663,4.0106982966175835,False,0.0,13.675709030532229
7,GW_2,BS_2,gateway_backhaul,True,0.7957283696617109,0.012578507583939484,0.0339919323380022,25.961878025750355,0.9576824461599242,0.8305545027351096,6.504975596981876,False,0.0,21.87964667205344
7,GW_2,BS_3,gateway_backhaul,False,0.14218501349161333,0.0067953619170912334,0.10848077130852768,20.362109705290017,0.9201253730124036,0.8358710153088957,6.437887834018435,False,0.0,16.487410533351525
7,BS_1,BS_2,terrestrial_backhaul,True,0.9051094840610185,0.009347479412892835,0.01613776314686566,32.24668061909505,0.919799387160873,0.8354938059061192,2.786627960807566,False,0.0,26.101219822846105
7,BS_1,DC_1,metro_core,True,0.7566293579773566,0.012567626406324637,0.02812754638839119,26.095357320942213,0.9872258739612951,0.9353076681971224,4.105638330298278,False,0.0,22.67057050499952
7,BS_2,BS_3,terrestrial_backhaul,False,0.0690703730712902,0.01623477379292113,0.10318178767048454,33.840463392020894,0.9301353918816972,0.8481115652728608,2.2788912189544424,False,0.0,27.699067157164112
7,BS_2,DC_1,metro_core,True,0.8092254026447648,0.00849329989490938,0.016011936992925177,40.975904124891656,0.9647516660355843,0.9050571726555158,5.0174163776417045,False,0.0,34.787783159187164
7,BS_3,DC_1,metro_core,True,0.9428510235935611,0.008392150030767367,0.017477076616969137,32.57888117375359,0.9037452756475703,0.922891579290527,1.5948927423529355,False,0.0,25.90984875306377
8,SAT_1,SAT_2,inter_satellite,True,0.28465620948066045,0.02559272965022802,0.08911793507917537,8.49835957734255,0.9565871292291458,0.9069175082065188,21.98938869211375,True,0.05336629310746797,7.153890824297471
8,SAT_1,UAV_1,satellite_aerial,True,0.2627473672580537,0.030436619952576776,0.0860146481806345,12.659700827993147,0.890141116811293,0.8072139106279544,25.224641746885386,True,0.055146235521825085,9.916649805503472
8,SAT_1,GW_1,satellite_gateway,False,0.032852153028413,0.07591402442016347,0.14425282023934544,11.80935441493112,0.8947496598683097,0.7678873625186482,30.5660233846605,True,0.0,9.298445944501067
8,SAT_2,UAV_2,satellite_aerial,True,0.18907739611873178,0.07934263999794865,0.1206855923628252,6.828891787307661,0.8653409405217848,0.6996191935341627,30.60623746104108,True,0.0,5.200201284916267
8,SAT_2,GW_2,satellite_gateway,True,0.15176906015656932,0.0728792354595376,0.1242642434435521,8.820818364778399,0.8555689559052303,0.7789240978634696,41.038047201364584,True,0.0,6.641200155553159
8,UAV_1,GW_1,aerial_gateway,True,0.33612154525366955,0.01738338557092901,0.0791152692385802,19.522667516587457,0.8812012686421262,0.8416255490762559,10.177374582179096,True,0.10240062056410525,15.13899145694786
8,UAV_1,BS_2,aerial_access,False,0.11123473791067925,0.034630874361644706,0.14068725228895082,15.222370405580255,0.8774826535109317,0.8196803861441543,15.835664308653014,True,0.0,11.754482059069058
8,UAV_2,GW_2,aerial_gateway,True,0.3243491584605971,0.021267386474320322,0.06639941930670014,18.10846453746046,0.9187231530076869,0.8506403429444043,14.802276352874609,True,0.1411498617401854,14.640265759665532
8,UAV_2,BS_2,aerial_access,True,0.43842111434483805,0.029089626203351718,0.05239782791878816,18.94297932644039,0.9012425067986072,0.8455439434700525,5.97830102321162,True,0.2774648542369291,15.023551993467889
8,GW_1,BS_1,gateway_backhaul,True,0.7749851600706542,0.014724800420011702,0.023846086170340692,22.66842044676099,0.8636981401481527,0.8739228534602753,5.768593951855897,False,0.0,17.229231870368164
8,GW_1,BS_2,gateway_backhaul,True,0.6319785775098657,0.011241277901075446,0.04407316242399016,17.96059618709,0.8937660670426396,0.8607295332853471,3.666095752531953,False,0.0,14.126262845971285
8,GW_2,BS_2,gateway_backhaul,True,0.7963790800848939,0.01347412411872836,0.0313369390999821,25.632555303517076,0.9576824461599242,0.8174312003007183,6.083662583345857,False,0.0,21.60210647267356
8,GW_2,BS_3,gateway_backhaul,True,0.6324754889108057,0.006059481456037285,0.039913273674964785,21.952414199965364,0.9201253730124036,0.8282578305832403,5.127097037641504,False,0.0,17.775096507754007
8,BS_1,BS_2,terrestrial_backhaul,True,0.8781723140673554,0.00928161649500722,0.01776007549052458,33.84269748395856,0.919799387160873,0.8584476956820332,2.6610886540683203,False,0.0,27.393073316941994
8,BS_1,DC_1,metro_core,True,0.7550624823126335,0.013130454996270975,0.03123569879549056,27.01368348430232,0.9872258739612951,0.9462487930288764,3.9326653170610517,False,0.0,23.468374412299664
8,BS_2,BS_3,terrestrial_backhaul,True,0.8016294326671268,0.009665166866561029,0.014868184077737963,31.40817177938329,0.9301353918816972,0.8507433319393329,1.6195407828528097,False,0.0,25.708189906347823
8,BS_2,DC_1,metro_core,True,0.8472662568100651,0.008246756737547148,0.018782590724227416,40.4681682188579,0.9647516660355843,0.8796432743845827,4.975210810375738,False,0.0,34.356724785285266
8,BS_3,DC_1,metro_core,True,0.9227377734681509,0.008139858787924687,0.01842268632599041,34.5668088417717,0.9037452756475703,0.9082211810954652,1.5314749177329396,False,0.0,27.490839362768178
9,SAT_1,SAT_2,inter_satellite,True,0.29043669941050565,0.027910286306620572,0.08869545934177427,8.609419527788077,0.9565871292291458,0.8748835500148692,22.30024926342568,True,0.05530983545833158,7.247380721166207
9,SAT_1,UAV_1,satellite_aerial,False,0.03520473724069814,0.04826847625432973,0.1295950449051659,11.98477166849999,0.890141116811293,0.7635678104147738,27.267725980616287,True,0.0,9.387961473199695
9,SAT_1,GW_1,satellite_gateway,True,0.17977481603991755,0.041226075409387886,0.10905419382781623,12.3911037162169,0.8947496598683097,0.8183772059481731,21.74718693123197,True,0.001313074121701938,9.756503535220657
9,SAT_2,UAV_2,satellite_aerial,True,0.20054004055514782,0.07435793570822562,0.12145237022921003,7.087527681139084,0.8653409405217848,0.6882798572234056,30.333890088616197,True,0.0,5.39715252522255
9,SAT_2,GW_2,satellite_gateway,True,0.1475333306212206,0.06634730556503506,0.12200603706500403,8.581928889431632,0.8555689559052303,0.7745307228393061,39.976099791913036,True,0.0,6.461340106833879
9,UAV_1,GW_1,aerial_gateway,True,0.3408900930237695,0.015585652102766754,0.08638372480889996,18.817527402272606,0.8812012686421262,0.8404765589873844,10.366926596363507,True,0.07872426946680663,14.592185537239722
9,UAV_1,BS_2,aerial_access,True,0.48387046051416077,0.019986312702517,0.07278864675621621,15.61909788697983,0.8774826535109317,0.8697976855383148,12.51997194996696,True,0.20058440944576678,12.06082896419636
9,UAV_2,GW_2,aerial_gateway,True,0.33425993179648583,0.01998878650728839,0.06031585854608593,19.02078617679658,0.9187231530076869,0.8624531227804955,14.74226741302063,True,0.1707940419590368,15.377856251147792
9,UAV_2,BS_2,aerial_access,True,0.4506657655816852,0.025747516157506922,0.05958409034973677,19.006208445597522,0.9012425067986072,0.8449895855843278,5.700107902660969,True,0.24991652732778413,15.07369859093751
9,GW_1,BS_1,gateway_backhaul,True,0.7692003787190775,0.014192857707683483,0.028503630046157854,22.01226881061855,0.8636981401481527,0.8672863624499659,5.858486990811593,False,0.0,16.73052095631174
9,GW_1,BS_2,gateway_backhaul,True,0.6674713747238964,0.010717542580870388,0.0441927709353528,19.058547154886362,0.8937660670426396,0.828320088578672,3.397410405350949,False,0.0,14.989816806069138
9,GW_2,BS_2,gateway_backhaul,True,0.7985826750667293,0.012057339744677029,0.02779606253572796,25.72994825109988,0.9576824461599242,0.8248139158461179,6.014775432924197,False,0.0,21.684185406999802
9,GW_2,BS_3,gateway_backhaul,True,0.6309530462548889,0.005929179175351715,0.04401648204430661,20.957289809783468,0.9201253730124036,0.8259419265470845,4.9732659916371285,False,0.0,16.969334011129334
9,BS_1,BS_2,terrestrial_backhaul,True,0.8459188814353159,0.009067693899509698,0.016731136828825575,32.2970578853129,0.919799387160873,0.8491015937144871,2.4189027090446036,False,0.0,26.14199636400884
9,BS_1,DC_1,metro_core,True,0.7458304096985771,0.013103202442395817,0.02926812928269462,26.747747591994774,0.9872258739612951,0.9392172329796565,4.03891815767753,False,0.0,23.237340273842786
9,BS_2,BS_3,terrestrial_backhaul,True,0.791605123966242,0.009262204050515123,0.014429189233224612,34.2506819257748,0.9301353918816972,0.8713073446439791,1.679467587052228,False,0.0,28.034838880616398
9,BS_2,DC_1,metro_core,True,0.8374297264106142,0.009035522238276479,0.013596087363488784,39.35461320970154,0.9647516660355843,0.8960914597301819,4.608785312995064,False,0.0,33.411337221016105
9,BS_3,DC_1,metro_core,True,0.9026406856033821,0.008587933058131277,0.026045997397824525,34.5187742830288,0.9037452756475703,0.8934467645994122,1.5464329531604575,False,0.0,27.452637677900267
10,SAT_1,SAT_2,inter_satellite,True,0.290226648485468,0.022118023533234922,0.09138099357642199,8.111487829480096,0.9565871292291458,0.8919864773677364,21.94419613932907,True,0.04909223555162772,6.828223473789977
10,SAT_1,UAV_1,satellite_aerial,False,0.05100650146854008,0.04295647090160121,0.14759926436887164,12.787074700928192,0.890141116811293,0.757100250514329,31.63195350811633,True,0.0,10.016424840429613
10,SAT_1,GW_1,satellite_gateway,True,0.1900113418246748,0.03816422214621917,0.11389412789512561,12.18828911476982,0.8947496598683097,0.8102561759441985,22.42963843946912,True,0.0,9.596811435038887
10,SAT_2,UAV_2,satellite_aerial,True,0.20810688054858656,0.0678457093005494,0.12163030609582114,7.245184912909706,0.8653409405217848,0.6684725993833343,28.62012413503549,True,0.0,5.517208511576547
10,SAT_2,GW_2,satellite_gateway,True,0.14766761283277816,0.06319761091159798,0.11825059552226906,8.572559878539279,0.8555689559052303,0.7542956726598968,40.3369437400156,True,0.0,6.454286172150888
10,UAV_1,GW_1,aerial_gateway,True,0.34771590080141296,0.0165595677499032,0.07936172950401874,19.702484047370422,0.8812012686421262,0.802711571418103,10.122564011254111,True,0.10623151857414946,15.278431465390783
10,UAV_1,BS_2,aerial_access,True,0.48813642017642456,0.018328763865680938,0.07181764404122142,15.742270137554204,0.8774826535109317,0.8599868643057172,12.795472881844768,True,0.21035835984932302,12.155940695876527
10,UAV_2,GW_2,aerial_gateway,True,0.3250441700453127,0.019313247802886385,0.0551835464154636,18.58842094955528,0.9187231530076869,0.8296034148268806,12.859541593709762,True,0.1854417713260537,15.028299179704423
10,UAV_2,BS_2,aerial_access,True,0.46219937169663433,0.02487344106120355,0.05979613313979123,19.397795016036405,0.9012425067986072,0.8309843724632706,5.823308832681585,True,0.25841805061844797,15.384263317823997
10,GW_1,BS_1,gateway_backhaul,True,0.7726589596424626,0.01389190646719051,0.028931390542867273,20.479735256427524,0.8636981401481527,0.8767895343810302,5.755623089699221,False,0.0,15.565712141498642
10,GW_1,BS_2,gateway_backhaul,True,0.6779632151246991,0.011366385143941171,0.04046163523339359,19.206287699998388,0.8937660670426396,0.8301026451252801,3.6476879443680987,False,0.0,15.106016833702943
10,GW_2,BS_2,gateway_backhaul,True,0.7888180205756594,0.012964713284584152,0.03209874828229061,24.075359554832044,0.9576824461599242,0.8428025647378837,6.1162311813339425,False,0.0,20.289763322973105
10,GW_2,BS_3,gateway_backhaul,True,0.6465214625399638,0.005427516440490338,0.040836053283262175,22.620774729928797,0.9201253730124036,0.8310031216106438,5.270818062841236,False,0.0,18.316274931860654
10,BS_1,BS_2,terrestrial_backhaul,True,0.832476225359604,0.00889732150573164,0.017571171566734434,32.75879106065872,0.919799387160873,0.8300246451276756,2.545249712155284,False,0.0,26.51573402871798
10,BS_1,DC_1,metro_core,True,0.7357746806476413,0.012397562339668494,0.03349536575363226,26.458739361520568,0.9872258739612951,0.938479871306408,3.851427009419358,False,0.0,22.986261839280314
10,BS_2,BS_3,terrestrial_backhaul,True,0.8167460836379364,0.008779013394164946,0.018620464019126214,34.28974967512087,0.9301353918816972,0.8664224066750389,1.7284011820063674,False,0.0,28.06681658140259
10,BS_2,DC_1,metro_core,True,0.8223743572787133,0.008770360476982233,0.013975551594319085,38.26697584151542,0.9647516660355843,0.8709655199509608,4.668620821910618,False,0.0,32.487953253576
10,BS_3,DC_1,metro_core,True,0.9377245521063884,0.008914547195673006,0.020498019690659997,34.278578716690916,0.9037452756475703,0.8633790130274954,1.42251864983306,False,0.0,27.261611142588038
11,SAT_1,SAT_2,inter_satellite,True,0.30148268614781665,0.02298002303326118,0.08710170436664247,8.198545454617436,0.9565871292291458,0.8856745969063642,22.480372429553178,True,0.06366466232374773,6.9015082930526965
11,SAT_1,UAV_1,satellite_aerial,True,0.2737217530613158,0.026757014013300977,0.09689516400815244,12.715672152298563,0.890141116811293,0.8020011688326283,25.154477083512134,True,0.031217806618056305,9.960493497374905
11,SAT_1,GW_1,satellite_gateway,True,0.20277549131452963,0.03568389323613983,0.10993596522265156,12.271295992506277,0.8947496598683097,0.8166678343243433,21.7765570642527,True,0.00014458534935213563,9.662169365585742
11,SAT_2,UAV_2,satellite_aerial,True,0.21860906398261604,0.06053877204078017,0.12178953529990146,7.316818605711685,0.8653409405217848,0.6718489428909081,28.83994343443041,True,0.0,5.571757570626582
11,SAT_2,GW_2,satellite_gateway,True,0.15460167071144995,0.056044918851239085,0.12117231555129776,8.122348353413729,0.8555689559052303,0.7529447481573415,41.12576199111223,True,0.0,6.115321608201301
11,UAV_1,GW_1,aerial_gateway,True,0.3543849556753394,0.014776223729936304,0.08492284597644942,18.67085337851276,0.8812012686421262,0.7899217519786961,9.672990868185781,True,0.08836288380236892,14.478446121723385
11,UAV_1,BS_2,aerial_access,True,0.5187189163734102,0.019078777406895425,0.06738380108853188,15.658418059378143,0.8774826535109317,0.8442794383882627,12.08355139420008,True,0.2588550932398048,12.09119140110343
11,UAV_2,GW_2,aerial_gateway,True,0.32013855887128684,0.01813196880348315,0.05883771996582466,17.481758308446036,0.9187231530076869,0.839433608271534,13.705157174716113,True,0.16879547919502627,14.133588579663405
11,UAV_2,BS_2,aerial_access,True,0.4715957627332817,0.02352882047885228,0.05339783837859711,20.47923172133435,0.9012425067986072,0.8171179047542887,6.0607957271178785,True,0.30722989288129715,16.241943637783532
11,GW_1,BS_1,gateway_backhaul,True,0.766286393962372,0.013194707504130234,0.03488955915000781,21.322603288346688,0.8636981401481527,0.8777238518946401,5.767075121669975,False,0.0,16.20633766687049
11,GW_1,BS_2,gateway_backhaul,True,0.6987521731821237,0.010604755289922689,0.046696133734126566,19.075948260573814,0.8937660670426396,0.8245166281408508,3.665335520277738,False,0.0,15.003503021726507
11,GW_2,BS_2,gateway_backhaul,True,0.7831666355003782,0.012989637629775197,0.030865950205136227,22.87197216204848,0.9576824461599242,0.824263813245758,6.1951304979616735,False,0.0,19.275595898814004
11,GW_2,BS_3,gateway_backhaul,True,0.6456913561472362,0.005392577046544055,0.04782447230909719,22.68826281263087,0.9201253730124036,0.8181229638483392,5.323344916188923,False,0.0,18.370920729458376
11,BS_1,BS_2,terrestrial_backhaul,True,0.8136980817619814,0.00943752552802765,0.02073396907324777,31.26122651228393,0.919799387160873,0.8501236549795369,2.7614993559652836,False,0.0,25.303570149348474
11,BS_1,DC_1,metro_core,True,0.7362498467236405,0.01229613794693344,0.0322117718192346,26.29968157090578,0.9872258739612951,0.9095027105209517,4.136732609719799,False,0.0,22.848078988892276
11,BS_2,BS_3,terrestrial_backhaul,True,0.8251994488530551,0.008154797873790481,0.02094440291785398,36.10269154368064,0.9301353918816972,0.8520104029554338,1.6327118684040525,False,0.0,29.55074420932958
11,BS_2,DC_1,metro_core,True,0.8427349979071276,0.009572195932585124,0.008634588357899754,39.217119992143026,0.9647516660355843,0.8835892118174121,4.62766539391034,False,0.0,33.294608027592915
11,BS_3,DC_1,metro_core,True,0.9381078488823966,0.008776191189390695,0.022269934332732885,34.48585749668786,0.9037452756475703,0.8407376026193589,1.4945307506397805,False,0.0,27.426459094572564
12,SAT_1,SAT_2,inter_satellite,True,0.3119536294332022,0.021487181668983075,0.09196348594335699,8.055618966189488,0.9565871292291458,0.8877939869334913,21.151007594076606,True,0.05192435942505722,6.781193250507335
12,SAT_1,UAV_1,satellite_aerial,True,0.2839659982223534,0.025430227986537327,0.09423301441534274,12.340470031514075,0.890141116811293,0.7907151748181518,24.920657623041887,True,0.0396916534165345,9.666588602728844
12,SAT_1,GW_1,satellite_gateway,True,0.21176461634620258,0.031733181966734574,0.11038910847326514,12.7676836449587,0.8947496598683097,0.8113435966084729,21.78020056232957,True,0.0,10.053014926797019
12,SAT_2,UAV_2,satellite_aerial,True,0.21965476335156262,0.06431278264554702,0.1280123531472392,7.689576427347178,0.8653409405217848,0.6630916291237952,28.97605202618436,True,0.0,5.855612662112183
12,SAT_2,GW_2,satellite_gateway,False,0.012284127753825081,0.09258433808541507,0.16074704634919446,7.867164837589587,0.8555689559052303,0.7031197220006034,48.29510841769608,True,0.0,5.92319376530716
12,UAV_1,GW_1,aerial_gateway,True,0.34282879544798417,0.015271247440128127,0.0927111251586294,18.41946481478487,0.8812012686421262,0.8118687431052504,9.616759893487636,True,0.05718361959854676,14.283505070997743
12,UAV_1,BS_2,aerial_access,True,0.5060823996857788,0.016722702491339798,0.0678805273352214,15.83213909928228,0.8774826535109317,0.8394611067909501,12.714813774897046,True,0.24875272034371146,12.225336136281301
12,UAV_2,GW_2,aerial_gateway,True,0.31463867958514685,0.018091031566265688,0.05798627450905393,16.834396466627666,0.9187231530076869,0.8298817057790239,14.201305129073534,True,0.1684838030996802,13.610211824705438
12,UAV_2,BS_2,aerial_access,True,0.4835540867964075,0.023352312922312355,0.06010549870580538,20.03833490460642,0.9012425067986072,0.8244612902944659,6.000790365312102,True,0.2750160408226474,15.892271279717816
12,GW_1,BS_1,gateway_backhaul,True,0.7672361623668152,0.013357361642667829,0.03239327880884532,20.340087628228016,0.8636981401481527,0.8429674366098723,5.919444515101302,False,0.0,15.459572352356869
12,GW_1,BS_2,gateway_backhaul,True,0.7175440182994386,0.0085837056782277,0.04114312180359586,20.35673430804678,0.8937660670426396,0.836748772521253,3.791391248965455,False,0.0,16.01085935709475
12,GW_2,BS_2,gateway_backhaul,True,0.7935802629420414,0.0115221095538191,0.03449863927214455,23.11838174716416,0.9576824461599242,0.8219478387292531,6.203272727873757,False,0.0,19.483260176937144
12,GW_2,BS_3,gateway_backhaul,True,0.6655614882075529,0.005721383859190851,0.04322804182752303,22.400199457906172,0.9201253730124036,0.7926868011317523,5.399418156219864,False,0.0,18.137672855947176
12,BS_1,BS_2,terrestrial_backhaul,True,0.8489990204001207,0.009100219571144007,0.01473203738875349,29.975815086589822,0.919799387160873,0.8384676127622279,2.737831080236207,False,0.0,24.263127984737814
12,BS_1,DC_1,metro_core,True,0.722281826109128,0.010840391001722644,0.0327842318836053,25.32923394395134,0.9872258739612951,0.9230460568999148,4.026320495333052,False,0.0,22.00499410303697
12,BS_2,BS_3,terrestrial_backhaul,True,0.87252194469433,0.008778479034042823,0.017955364337942373,34.32546989847248,0.9301353918816972,0.836186881445362,1.5629093446909164,False,0.0,28.096054268074408
12,BS_2,DC_1,metro_core,True,0.838227242387282,0.008440544173057462,0.010483793991274526,37.999071935754536,0.9647516660355843,0.8856941423133664,4.597255869947691,False,0.0,32.26050780288618
12,BS_3,DC_1,metro_core,True,0.9241789420714874,0.008271780503793055,0.025287449048697997,33.86249354930964,0.9037452756475703,0.8488874490103108,1.494590160703999,False,0.0,26.930700338814724
13,SAT_1,SAT_2,inter_satellite,True,0.321628163894383,0.019972573456156766,0.09042306039226426,8.659244518230505,0.9565871292291458,0.8561334329731085,20.741521611340065,True,0.05907774508533627,7.289323232388856
13,SAT_1,UAV_1,satellite_aerial,True,0.2991933558943304,0.026228355622592032,0.09495747766901398,12.70087743047089,0.890141116811293,0.783826623783267,23.936999326680603,True,0.04010512883708235,9.94890443398958
13,SAT_1,GW_1,satellite_gateway,True,0.21457775910574825,0.03146678600780057,0.11305919781416168,12.526460949359416,0.8947496598683097,0.8023176911375738,21.301830605067504,True,0.0,9.863081072937842
13,SAT_2,UAV_2,satellite_aerial,True,0.23236483797079688,0.0587767456766746,0.12851441863411944,7.847745861301659,0.8653409405217848,0.6461429065663743,29.82557806254411,True,0.0,5.976058690443355
13,SAT_2,GW_2,satellite_gateway,True,0.15415387368648664,0.058284075708081286,0.11938131787121616,7.756653921770744,0.8555689559052303,0.7451056233159989,45.04951720716344,True,0.0,5.839990021507493
13,UAV_1,GW_1,aerial_gateway,True,0.35787156695003647,0.01428677325464932,0.0840483739685419,18.60947429705076,0.8812012686421262,0.799385635720194,9.50675309076606,True,0.09297042681362008,14.430849276205269
13,UAV_1,BS_2,aerial_access,False,0.040633610933757565,0.023948227509277373,0.13280882237754854,15.854802178188471,0.8774826535109317,0.7967453096796555,16.444695683904445,True,0.0,12.242836219862793
13,UAV_2,GW_2,aerial_gateway,True,0.31848263333122717,0.01651544342159214,0.06160957899250774,15.926444264526408,0.9187231530076869,0.8265781325854334,14.759965728144158,True,0.1583504648740304,12.876153919998066
13,UAV_2,BS_2,aerial_access,False,0.05463663163727286,0.03123001756004515,0.12796576059141926,20.73125797316006,0.9012425067986072,0.7598200966778285,6.84175334056633,True,0.0,16.44182399624106
13,GW_1,BS_1,gateway_backhaul,True,0.7950371974738482,0.012894498373680114,0.025501765556016354,20.055816500083797,0.8636981401481527,0.8399220950300094,6.050857810842663,False,0.0,15.243510841042008
13,GW_1,BS_2,gateway_backhaul,True,0.705260055043175,0.010490658547719826,0.04171039153595313,20.518421913110696,0.8937660670426396,0.807755523761747,4.310674646590325,False,0.0,16.138028944578164
13,GW_2,BS_2,gateway_backhaul,True,0.7740401387891845,0.01139006944149832,0.03141725381077713,21.930659883886765,0.9576824461599242,0.7953083886337876,6.352603602078672,False,0.0,18.482295043081756
13,GW_2,BS_3,gateway_backhaul,True,0.6647346666378164,0.005463594767829349,0.04956893043662088,22.80317575552737,0.9201253730124036,0.79379506782018,5.67153575397968,False,0.0,18.463966926171377
13,BS_1,BS_2,terrestrial_backhaul,True,0.8148199335016425,0.008373996820368719,0.015608323473280887,29.389287919105577,0.919799387160873,0.8349980291566786,2.916909491636997,False,0.0,23.788379135037225
13,BS_1,DC_1,metro_core,True,0.7454043457308728,0.01066074102425384,0.030852030807316255,26.470742530064506,0.9872258739612951,0.9219070772253968,4.224336361466851,False,0.0,22.996689697209675
13,BS_2,BS_3,terrestrial_backhaul,True,0.8786728125128411,0.008808313290934124,0.018913578686085543,35.767117310796024,0.9301353918816972,0.8297587394163333,1.5594562308462327,False,0.0,29.27607027519319
13,BS_2,DC_1,metro_core,True,0.8294254504312403,0.008850554319924375,0.014960487518580328,37.41759354278468,0.9647516660355843,0.8669963139386636,4.918507160010609,False,0.0,31.766843424310576
13,BS_3,DC_1,metro_core,True,0.8947432617614083,0.009148252847892058,0.0274565350453148,31.68271332005185,0.9037452756475703,0.8300029727375464,1.465363880850082,False,0.0,25.197130184770025
14,SAT_1,SAT_2,inter_satellite,True,0.32715004580546747,0.020610285590396616,0.08842750847493694,8.281687152108356,0.9565871292291458,0.8578764149929055,21.10520086011636,True,0.0666396927593527,6.971496697448125
14,SAT_1,UAV_1,satellite_aerial,True,0.31072066519001007,0.023618133529140495,0.09630132148306193,12.761520350406533,0.890141116811293,0.7804448988935319,23.774905636079644,True,0.03850177912343281,9.996407499690406
14,SAT_1,GW_1,satellite_gateway,True,0.22551987845539054,0.03253376939460545,0.11354463406795057,12.7078302406075,0.8947496598683097,0.781241411791422,22.462771646578055,True,0.0,10.005887571194046
14,SAT_2,UAV_2,satellite_aerial,True,0.2437962338157175,0.05510927176250276,0.1276616424961627,8.15545648467208,0.8653409405217848,0.6162199316146165,30.22093023167314,True,0.0,6.210380338650951
14,SAT_2,GW_2,satellite_gateway,True,0.15713357709707976,0.04874966371853655,0.11982224538539447,7.773381440998731,0.8555689559052303,0.7423821815384954,46.55549978858093,True,0.0,5.852584182128974
14,UAV_1,GW_1,aerial_gateway,True,0.350578345933144,0.013773545424021073,0.09579435775680961,17.866431726496465,0.8812012686421262,0.7930516364440159,8.903320730481251,True,0.04823703144010304,13.854651627077025
14,UAV_1,BS_2,aerial_access,True,0.5488975482165527,0.014913522233512165,0.07259351625124559,15.74495001858115,0.8774826535109317,0.8344610115599387,12.264180004592086,True,0.24779997632511924,12.158010059097391
14,UAV_2,GW_2,aerial_gateway,False,0.0283958414808252,0.02670573792967744,0.11067974585100683,16.17755325074005,0.9187231530076869,0.783954642765399,20.141424132518257,True,0.0,13.079169602813295
14,UAV_2,BS_2,aerial_access,True,0.5131895944547609,0.022841127115292032,0.06336494298166871,21.631299809580923,0.9012425067986072,0.7950156740385661,5.900014845440622,True,0.27790614165126687,17.155641241815072
14,GW_1,BS_1,gateway_backhaul,True,0.7696100648694902,0.012420528118097872,0.031672194299814924,19.832595744695098,0.8636981401481527,0.8423333035681992,6.119907020520944,False,0.0,15.073850931922925
14,GW_1,BS_2,gateway_backhaul,True,0.7300872325399455,0.010464407085007989,0.04330390281019037,20.815430674382913,0.8937660670426396,0.8220229254963132,4.230530206394369,False,0.0,16.3716305347249
14,GW_2,BS_2,gateway_backhaul,True,0.7587734176789669,0.012258710490700141,0.03493399507812965,21.630826739376104,0.9576824461599242,0.8049911217227572,7.186598718658262,False,0.0,18.22960749651994
14,GW_2,BS_3,gateway_backhaul,True,0.6532155855894876,0.00529363668749657,0.052313891364071025,22.080174758440805,0.9201253730124036,0.7967141839206898,5.550346664546325,False,0.0,17.878545551494675
14,BS_1,BS_2,terrestrial_backhaul,True,0.8113491212119817,0.008451501995155507,0.02114732750132494,28.605599247458628,0.919799387160873,0.8140377753738672,3.0318276177534544,False,0.0,23.154043138320137
14,BS_1,DC_1,metro_core,True,0.7520513668917451,0.011467073732970836,0.03618783152442739,26.476165395326056,0.9872258739612951,0.9004153557015196,4.211443968940827,False,0.0,23.00140085895922
14,BS_2,BS_3,terrestrial_backhaul,True,0.9019205906568502,0.00939686352998048,0.01726349658697486,36.490750866292416,0.9301353918816972,0.8226651373447152,1.5962725624411749,False,0.0,29.86837819422713
14,BS_2,DC_1,metro_core,True,0.7977757494085326,0.00867861308892628,0.013685348898825979,36.193758168813716,0.9647516660355843,0.8846500875105556,4.9661718224558715,False,0.0,30.72782987423782
14,BS_3,DC_1,metro_core,True,0.9100054804079533,0.008727858192388721,0.032014592767679435,31.83290749069062,0.9037452756475703,0.8461801312567512,1.5122590726161624,False,0.0,25.316578984257266
15,SAT_1,SAT_2,inter_satellite,True,0.34331025561449713,0.018218914892628654,0.08874923060208757,8.484460945648504,0.9565871292291458,0.8621754085359845,20.322146288488643,True,0.07028521073437607,7.142191002368141
15,SAT_1,UAV_1,satellite_aerial,True,0.3192520513851795,0.02219303837375148,0.09232390467848334,13.281354272284142,0.890141116811293,0.7839255461457514,23.41504655495284,True,0.052143533723568974,10.403605981733751
15,SAT_1,GW_1,satellite_gateway,True,0.2247573921813571,0.03185014464417586,0.11839717056398492,12.80532886627424,0.8947496598683097,0.76886363675882,22.941573490329088,True,0.0,10.082656009888636
15,SAT_2,UAV_2,satellite_aerial,True,0.2436381497019255,0.05253550024190696,0.12887083615650158,8.150681265596942,0.8653409405217848,0.6273964273686813,31.66259339174421,True,0.0,6.206744009193155
15,SAT_2,GW_2,satellite_gateway,False,0.019665393686305762,0.06835309427020186,0.1531070698022987,7.6008797318284875,0.8555689559052303,0.7110318479916616,58.600800094847635,True,0.0,5.722707527787119
15,UAV_1,GW_1,aerial_gateway,True,0.3523063008529158,0.014350276569972882,0.08729814579998588,16.140872724330567,0.8812012686421262,0.7710772864680995,9.235051371714594,True,0.07905111242434677,12.516554619070645
15,UAV_1,BS_2,aerial_access,True,0.5368011746180086,0.01604607686816575,0.07505129813123529,16.224545684788268,0.8774826535109317,0.8175582442893521,11.857129427253062,True,0.22129596195650994,12.528346511557665
15,UAV_2,GW_2,aerial_gateway,True,0.32696292081804657,0.01804123469017942,0.06525206057262183,15.36698682227637,0.9187231530076869,0.8079538563309653,16.01268717830084,True,0.14869056508757905,12.423845795318604
15,UAV_2,BS_2,aerial_access,True,0.5118994866927712,0.023600906223449975,0.06409170032778831,21.627241139169993,0.9012425067986072,0.7844603046171853,6.2203934699965195,True,0.27116296759829545,17.152422337075105
15,GW_1,BS_1,gateway_backhaul,True,0.7862305358136659,0.012353002355585764,0.023949979735112106,20.153835534602635,0.8636981401481527,0.8467329133145887,6.252591294313034,False,0.0,15.318010635917481
15,GW_1,BS_2,gateway_backhaul,True,0.7295559885477944,0.01084866695080955,0.046056252584590625,20.07695214280825,0.8937660670426396,0.7848798777355107,4.402577042589275,False,0.0,15.790806728295301
15,GW_2,BS_2,gateway_backhaul,True,0.7865962629524008,0.012257619586156674,0.033124283963460746,21.54529678914889,0.9576824461599242,0.8128073194788008,7.443220888931438,False,0.0,18.157526228400826
15,GW_2,BS_3,gateway_backhaul,True,0.6715741343966597,0.005862569126015502,0.05150542789223322,20.422980220565076,0.9201253730124036,0.8155295653446849,6.0070715279822675,False,0.0,16.536698018255695
15,BS_1,BS_2,terrestrial_backhaul,True,0.8149650783798804,0.009032079079195558,0.02098026148533706,26.945462125784328,0.919799387160873,0.8200441251932543,3.1471071984242207,False,0.0,21.810289204055383
15,BS_1,DC_1,metro_core,True,0.7698112027327595,0.013286281299303685,0.03793704083320932,26.667632325080696,0.9872258739612951,0.8913632294629495,4.444826688278162,False,0.0,23.167739433173523
15,BS_2,BS_3,terrestrial_backhaul,True,0.8763691794825855,0.008745914098672567,0.026568315365181533,35.985723215818275,0.9301353918816972,0.8182739797030669,1.6836106068862449,False,0.0,29.455003393632452
15,BS_2,DC_1,metro_core,True,0.8211196206445324,0.008703637816008258,0.017450728284150056,34.86065485788956,0.9647516660355843,0.8851277494517554,5.356065221996193,False,0.0,29.59604987085158
15,BS_3,DC_1,metro_core,True,0.8971688628937015,0.00856247416313148,0.029747935351634093,31.39009396520488,0.9037452756475703,0.8477694217225691,1.5575768863112498,False,0.0,24.96441122840475
16,SAT_1,SAT_2,inter_satellite,True,0.3413922105399483,0.021604235932985022,0.09853662922077942,8.763096276714966,0.9565871292291458,0.8552507176057613,19.491220591928986,True,0.03626077450998752,7.37674529724122
16,SAT_1,UAV_1,satellite_aerial,True,0.31349700738115927,0.022956475784820254,0.09899582582992521,13.66123283144392,0.890141116811293,0.8002839278763961,22.754081143833773,True,0.03114862852032362,10.701174043648523
16,SAT_1,GW_1,satellite_gateway,True,0.2272953193546453,0.032546714299766785,0.11567921443796103,13.105216795518658,0.8947496598683097,0.7883697851185075,24.00952159271931,True,0.0,10.318781677855885
16,SAT_2,UAV_2,satellite_aerial,True,0.24429061795410972,0.054156842282545,0.12443330568372164,8.28566404743823,0.8653409405217848,0.6300091952502838,32.20726707653187,True,0.0,6.309533401298808
16,SAT_2,GW_2,satellite_gateway,False,0.014383440522961533,0.07244713483177095,0.1462188438316203,7.5677376154545435,0.8555689559052303,0.7209777928801302,57.080664094051805,True,0.0,5.697754805792879
16,UAV_1,GW_1,aerial_gateway,True,0.3472053260900293,0.013168744347719696,0.08351859465080544,16.184668024138237,0.8812012686421262,0.8015156085846049,10.126004224328415,True,0.09187762552430102,12.550515995971596
16,UAV_1,BS_2,aerial_access,True,0.5609050506230201,0.01466633288944526,0.07929657287805092,15.39443591355298,0.8774826535109317,0.8082868093942226,11.013940652081086,True,0.20665901907569673,11.887348417761038
16,UAV_2,GW_2,aerial_gateway,True,0.3182404587223821,0.015333017128688944,0.06671626202222154,14.764963784730305,0.9187231530076869,0.8234975676429953,15.512432074948885,True,0.1400678950778398,11.937124392469528
16,UAV_2,BS_2,aerial_access,True,0.5152839934559426,0.022815939037815203,0.06547767769003715,21.445858895953855,0.9012425067986072,0.7750399576657021,6.390743670806574,True,0.26528749425159603,17.008569276018022
16,GW_1,BS_1,gateway_backhaul,True,0.7875092474521522,0.013786598237573021,0.030217072383589977,20.43639364443312,0.8636981401481527,0.848284570141808,6.278621495723384,False,0.0,15.532770160188527
16,GW_1,BS_2,gateway_backhaul,True,0.7128463903665677,0.009786530244484986,0.04778497252887406,19.737279250018982,0.8937660670426396,0.7965570225303789,4.496657867809864,False,0.0,15.523649195482353
16,GW_2,BS_2,gateway_backhaul,True,0.7706148550918828,0.012287502561003657,0.03873180495330118,22.25496298858391,0.9576824461599242,0.8160057376970183,7.1796403567339455,False,0.0,18.75560490681294
16,GW_2,BS_3,gateway_backhaul,True,0.6623938064442387,0.005422306831987223,0.051050733884933794,20.900845609149258,0.9201253730124036,0.7985858959015478,5.900898230873648,False,0.0,16.923630558905945
16,BS_1,BS_2,terrestrial_backhaul,True,0.828199595946924,0.008190976910572703,0.018302885673800864,26.07284202372824,0.919799387160873,0.834161337598183,3.118416333156103,False,0.0,21.103970021171392
16,BS_1,DC_1,metro_core,True,0.7691837603214343,0.01137728457217932,0.0347143513884569,25.780922792135648,0.9872258739612951,0.8969060951749206,4.588126262259993,False,0.0,22.397402750795415
16,BS_2,BS_3,terrestrial_backhaul,True,0.9142977420223405,0.00881175768047053,0.024050909985160074,37.28206344636752,0.9301353918816972,0.8037916157984037,1.7475263955713434,False,0.0,30.516082690583914
16,BS_2,DC_1,metro_core,True,0.8105539785352728,0.008531109705989325,0.01742377842675192,35.141177591178504,0.9647516660355843,0.8724230691158903,5.45433109500002,False,0.0,29.83420847223679
16,BS_3,DC_1,metro_core,True,0.8800156444441313,0.008306866530750122,0.027083856805568504,29.588498438465056,0.9037452756475703,0.8447357103997541,1.6318468363718308,False,0.0,23.53160979599611
17,SAT_1,SAT_2,inter_satellite,False,0.038396908977878556,0.02895416443379003,0.15650058501323683,8.259864486936529,0.9565871292291458,0.8068766799056076,25.806500634986165,True,0.0,6.953126450494739
17,SAT_1,UAV_1,satellite_aerial,True,0.3268160737716578,0.024289483529015832,0.10400468007940335,13.679957181665184,0.890141116811293,0.7725701329605459,25.035961084879116,True,0.017574856970786343,10.715841279983941
17,SAT_1,GW_1,satellite_gateway,True,0.2289599793138806,0.03247868144960692,0.12168931603681324,13.281295983917817,0.8947496598683097,0.7721774029659398,24.427200720721586,True,0.0,10.457422856514317
17,SAT_2,UAV_2,satellite_aerial,True,0.2416563291590028,0.06065375828135654,0.13252406984798806,7.944097725359801,0.8653409405217848,0.6119642144062248,31.454063492437637,True,0.0,6.049430637588642
17,SAT_2,GW_2,satellite_gateway,True,0.15854150907333697,0.04780208661177245,0.12081307194250779,7.943585342518664,0.8555689559052303,0.7490143197677888,47.28277273298596,True,0.0,5.98073081552565
17,UAV_1,GW_1,aerial_gateway,True,0.3472936885024926,0.01328934520263755,0.08814271191555006,16.550233063376563,0.8812012686421262,0.8081982468873601,10.542602034439088,True,0.07491402180828317,12.833996007157856
17,UAV_1,BS_2,aerial_access,True,0.584185922275096,0.015051199430659712,0.06929941756504533,16.278096720387204,0.8774826535109317,0.8139504622063313,11.949033443267108,True,0.29981812505833444,12.569697803795403
17,UAV_2,GW_2,aerial_gateway,True,0.31882828172117555,0.015998658494106595,0.0670870340820856,15.212115656940707,0.9187231530076869,0.8034145135116156,16.404468143539184,True,0.13866236694954365,12.298636117030707
17,UAV_2,BS_2,aerial_access,True,0.5223145942026918,0.021396527828564067,0.061699302693040387,20.346285812217662,0.9012425067986072,0.7705050769692602,6.245688662004538,True,0.29857719420129725,16.136505113910705
17,GW_1,BS_1,gateway_backhaul,True,0.7955973669891978,0.013883513574615423,0.037854668709845024,21.19231541092033,0.8636981401481527,0.8371036008524562,6.488321179499559,False,0.0,16.107311797143534
17,GW_1,BS_2,gateway_backhaul,True,0.7436063027707722,0.010848380845702159,0.041885056554853486,18.899217033583525,0.8937660670426396,0.8176547828757603,4.649737440586647,False,0.0,14.864501412896264
17,GW_2,BS_2,gateway_backhaul,True,0.8123843171575857,0.01233920432196425,0.03837986866184861,20.77758123701462,0.9576824461599242,0.8048213370074934,7.413957425931902,False,0.0,17.51052584542862
17,GW_2,BS_3,gateway_backhaul,True,0.6380766687359766,0.0058907230662295345,0.05788316998177,19.41000287759213,0.9201253730124036,0.7991398334086286,6.207470455525751,False,0.0,15.716479801366333
17,BS_1,BS_2,terrestrial_backhaul,True,0.8270770360369661,0.008872243766780226,0.025569215695734754,27.77822694832895,0.919799387160873,0.8116111131601118,3.299434597251942,False,0.0,22.48434858866998
17,BS_1,DC_1,metro_core,True,0.824569068178263,0.01218681076444549,0.03639712133990163,25.136788616067783,0.9872258739612951,0.8905145755975781,4.427398727710612,False,0.0,21.837805536868512
17,BS_2,BS_3,terrestrial_backhaul,True,0.9085538712890163,0.009580355126284355,0.02347214727464797,37.88761237790332,0.9301353918816972,0.7985284165306579,1.874573551657762,False,0.0,31.01173608419299
17,BS_2,DC_1,metro_core,True,0.7939134696795939,0.007623508809901996,0.0210284981539229,33.339035801520254,0.9647516660355843,0.8942084961326997,5.602993380456081,False,0.0,28.304223493512257
17,BS_3,DC_1,metro_core,True,0.8594492397301056,0.008101385028816492,0.02180352892219299,27.303582038869788,0.9037452756475703,0.8464009452190334,1.6719677442428145,False,0.0,21.714425282778297
18,SAT_1,SAT_2,inter_satellite,True,0.3484892105440497,0.01979894646916971,0.09393073931720494,8.984982369329204,0.9565871292291458,0.8469101318679502,21.647249473352154,True,0.053110603577991286,7.563528271948979
18,SAT_1,UAV_1,satellite_aerial,True,0.3294643422225233,0.026274944035326066,0.09934400698262072,13.601727637294434,0.890141116811293,0.7883645753755721,25.050341819378193,True,0.03160241380825944,10.654562186069382
18,SAT_1,GW_1,satellite_gateway,True,0.22832223543695973,0.03613526636506419,0.12092228495954063,13.13756036244324,0.8947496598683097,0.7700676958892246,24.056321000991733,True,0.0,10.344248345900018
18,SAT_2,UAV_2,satellite_aerial,True,0.24120767736921678,0.05833103023049413,0.1279049056908358,8.022010522523862,0.8653409405217848,0.6351380818147278,33.113187422241516,True,0.0,6.108761234784079
18,SAT_2,GW_2,satellite_gateway,True,0.15555844657380052,0.05133469229290368,0.13592884635144165,7.50982220197079,0.8555689559052303,0.7361350116984109,43.761520892229555,True,0.0,5.654150251529178
18,UAV_1,GW_1,aerial_gateway,True,0.33667316368637923,0.013411891334555425,0.08470546403958033,15.659023551767161,0.8812012686421262,0.8196957880285122,10.782574660158847,True,0.08412131868095853,12.142901249172457
18,UAV_1,BS_2,aerial_access,True,0.5763915936320715,0.015919787795499213,0.07170708454963083,16.044377325601666,0.8774826535109317,0.824281609765934,12.398822998941206,True,0.2732891461306157,12.389223254847627
18,UAV_2,GW_2,aerial_gateway,True,0.318706769293084,0.015276182992484648,0.07164682280865409,15.822836477505133,0.9187231530076869,0.8166771851026502,16.452864694949668,True,0.12262910857900503,12.79238947196193
18,UAV_2,BS_2,aerial_access,True,0.5179498921540945,0.02520302219837181,0.0644224386559667,19.645737998663737,0.9012425067986072,0.7656616967432839,6.774284087301376,True,0.27187819521857426,15.580905262405436
18,GW_1,BS_1,gateway_backhaul,True,0.8497044464271967,0.013121099812171667,0.025462898339978234,20.73061958414653,0.8636981401481527,0.8408552969441231,6.301089554167334,False,0.0,15.756397869472682
18,GW_1,BS_2,gateway_backhaul,True,0.6996772501755195,0.009696841228663914,0.04476925732430295,18.168019558456734,0.8937660670426396,0.7913209649603609,4.615111153815289,False,0.0,14.289404260309755
18,GW_2,BS_2,gateway_backhaul,True,0.7941337980493767,0.0122827375268882,0.03756539628501748,20.16565994927797,0.9576824461599242,0.8166007153054775,7.723428608756636,False,0.0,16.99482272281529
18,GW_2,BS_3,gateway_backhaul,True,0.6487178433817308,0.005602247047973414,0.05131837569674816,19.093835429590914,0.9201253730124036,0.801423013199286,5.6688115678773805,False,0.0,15.460475753263013
18,BS_1,BS_2,terrestrial_backhaul,True,0.8295042689199483,0.008959148770693533,0.026200283598563908,25.853837297294326,0.919799387160873,0.8093445357567142,3.3015622966453053,False,0.0,20.926702457591254
18,BS_1,DC_1,metro_core,True,0.8151646797183061,0.012658570107326371,0.03309139957332551,26.274114700949625,0.9872258739612951,0.9216505706568469,4.851175915495076,False,0.0,22.82586754641979
18,BS_2,BS_3,terrestrial_backhaul,True,0.9355668002289181,0.009112558085432416,0.021115722163370754,36.52454425148229,0.9301353918816972,0.813501801134509,2.038939336031946,False,0.0,29.896038726974528
18,BS_2,DC_1,metro_core,True,0.7873714092638011,0.0085761609536663,0.023082566445332853,31.858521817798117,0.9647516660355843,0.889394741209432,5.8872582511039155,False,0.0,27.047294561013533
18,BS_3,DC_1,metro_core,True,0.8875256143137844,0.008698203689245631,0.021375381431242027,26.987439745366085,0.9037452756475703,0.8877783560595468,1.7253833257712645,False,0.0,21.4629986310943
19,SAT_1,SAT_2,inter_satellite,True,0.34329573754577564,0.02241444697911272,0.09597676129476217,8.749403021814427,0.9565871292291458,0.8395204165769948,22.770712217932623,True,0.04479187037626229,7.365218360813523
19,SAT_1,UAV_1,satellite_aerial,True,0.3139900785890396,0.02590542725228992,0.10710199288292115,13.439795936236925,0.890141116811293,0.7794485107414177,26.21152424273862,True,0.008016073199329744,10.527717168670076
19,SAT_1,GW_1,satellite_gateway,True,0.22758503073746084,0.03476816324578563,0.11220895429214603,13.021862008744348,0.8947496598683097,0.7881240183692636,24.891829411089482,True,0.0,10.253149810794941
19,SAT_2,UAV_2,satellite_aerial,True,0.2284316958535782,0.06577155667849237,0.13461014989841477,8.195010257637323,0.8653409405217848,0.6348942452802051,32.77870067164067,True,0.0,6.240500537858009
19,SAT_2,GW_2,satellite_gateway,True,0.15583148494439977,0.05263208000086596,0.13853371344975285,7.912233636823342,0.8555689559052303,0.7464725065299768,44.619635376250095,True,0.0,5.957126094950968
19,UAV_1,GW_1,aerial_gateway,True,0.33967259681880424,0.013637525435891177,0.08340562522848528,16.129508234015297,0.8812012686421262,0.8396557580493871,11.183668462728109,True,0.08964593240806945,12.507741944181353
19,UAV_1,BS_2,aerial_access,True,0.5859183498539721,0.0163248595983227,0.07466349160977763,16.78133292610469,0.8774826535109317,0.8317397201516621,12.866215399723625,True,0.2563298663267521,12.958289119994864
19,UAV_2,GW_2,aerial_gateway,True,0.32278765332987386,0.01728166915911094,0.07345258791643111,15.272351087706582,0.9187231530076869,0.8219174184480039,16.803696463281998,True,0.11714392568333523,12.347335039721589
19,UAV_2,BS_2,aerial_access,True,0.5159192108692637,0.025011937889962504,0.059717537864871356,19.778617306567494,0.9012425067986072,0.7681499253700395,6.764182815042655,True,0.30263900899248103,15.686290965295457
19,GW_1,BS_1,gateway_backhaul,True,0.8551351260248558,0.012892225036629918,0.028140745805813404,20.720130981300038,0.8636981401481527,0.8466617432167683,6.775616781709727,False,0.0,15.748425961113966
19,GW_1,BS_2,gateway_backhaul,True,0.7031256918597781,0.009615551169218375,0.04934203274137775,17.796694537282036,0.8937660670426396,0.829534539643509,4.735543335927615,False,0.0,13.9973518809923
19,GW_2,BS_2,gateway_backhaul,True,0.7999714155165618,0.01182965110068596,0.03675581491946976,20.634860069345365,0.9576824461599242,0.7850957593512361,7.9954474920546215,False,0.0,17.390246075293
19,GW_2,BS_3,gateway_backhaul,True,0.6501063668435629,0.005290477890266947,0.05312589976781799,18.447953849428636,0.9201253730124036,0.8076531225809845,5.904659646630089,False,0.0,14.937498766978594
19,BS_1,BS_2,terrestrial_backhaul,True,0.849259077791291,0.008969856597797973,0.02959139474142023,26.605871122615937,0.919799387160873,0.7935859742110284,3.3061965322771854,False,0.0,21.53541627904771
19,BS_1,DC_1,metro_core,True,0.8350542800125358,0.011812507478084102,0.032462205638037256,25.974149642863853,0.9872258739612951,0.8998005477518745,4.809128848377442,False,0.0,22.5652702717884
19,BS_2,BS_3,terrestrial_backhaul,True,0.9458608008397398,0.009955904686617844,0.027502155656088722,36.55373545122867,0.9301353918816972,0.789229480458775,1.9817841193413057,False,0.0,29.919932282828253
19,BS_2,DC_1,metro_core,True,0.8051550019487845,0.008077838851592557,0.02252791799048925,30.185673723965333,0.9647516660355843,0.8844553307893923,6.12748106472966,False,0.0,25.627077533729864
19,BS_3,DC_1,metro_core,True,0.8289187777872392,0.007557591207590808,0.0286311810894265,26.588274707189328,0.9037452756475703,0.8809454515356898,1.8327031359771873,False,0.0,21.145544335733085
20,SAT_1,SAT_2,inter_satellite,True,0.32933023997445815,0.021585995041212308,0.09299806916518528,8.848193525999694,0.9565871292291458,0.8616264876297993,21.699929130289426,True,0.052139056012080374,7.448379878631965
20,SAT_1,UAV_1,satellite_aerial,True,0.3141553381566033,0.027614052536380183,0.10516306395257055,14.10692588847844,0.890141116811293,0.7772447947201875,26.8758643703446,True,0.01330948888839553,11.05029619332702
20,SAT_1,GW_1,satellite_gateway,True,0.22043397405426043,0.03791295984066509,0.11774323138200442,12.938452731116694,0.8947496598683097,0.7991620307576078,24.086570487598486,True,0.0,10.1874750387422
20,SAT_2,UAV_2,satellite_aerial,True,0.22830809993416987,0.06226224581197768,0.1287920608123421,7.761879776949139,0.8653409405217848,0.6497803624409714,32.69232542191075,True,0.0,5.910671664833926
20,SAT_2,GW_2,satellite_gateway,True,0.15742758642644955,0.05577176147862783,0.12807274966088167,8.159150181027677,0.8555689559052303,0.758637944227233,43.39580246159855,True,0.0,6.143029729281122
20,UAV_1,GW_1,aerial_gateway,True,0.33272545476094734,0.01474157927487336,0.0771890136876797,15.797402281385965,0.8812012686421262,0.8280039394069134,11.087733720551041,True,0.1091424734024864,12.250208019814451
20,UAV_1,BS_2,aerial_access,True,0.5679266059632416,0.017647958420064773,0.08372910781850353,16.901855135852138,0.8774826535109317,0.839492350181793,13.914684755545503,True,0.1760574786311874,13.051354530601115
20,UAV_2,GW_2,aerial_gateway,True,0.3120426660362349,0.01801193162974041,0.07096232079103859,15.326867739261072,0.9187231530076869,0.8024129470748176,16.074186958522855,True,0.12055971070002816,12.391410464528242
20,UAV_2,BS_2,aerial_access,True,0.5014699879535274,0.02325271831398599,0.0618383163561149,19.5331763180214,0.9012425067986072,0.7843706260769638,6.9065440771593964,True,0.27831630855593564,15.49163333572166
20,GW_1,BS_1,gateway_backhaul,True,0.8546517283498724,0.012202179468157836,0.025061343920684896,21.825251712963453,0.8636981401481527,0.8534746928465703,6.991490530322685,False,0.0,16.5883777952216
20,GW_1,BS_2,gateway_backhaul,True,0.7083508707730827,0.010331732158301219,0.04490090517113908,16.77181877907809,0.8937660670426396,0.8094020195399594,4.619239299350956,False,0.0,13.19127260644909
20,GW_2,BS_2,gateway_backhaul,True,0.8044119132493786,0.013358496566118785,0.033696781285210434,21.335846627291957,0.9576824461599242,0.8304540024009711,7.653164443410581,False,0.0,17.981009894247777
20,GW_2,BS_3,gateway_backhaul,True,0.605612954837321,0.005651724069982362,0.05222175547261176,17.308919460260476,0.9201253730124036,0.83482700367923,6.497097713027843,False,0.0,14.015210857836164
20,BS_1,BS_2,terrestrial_backhaul,True,0.8595222735950528,0.008763512947790786,0.02619199434347848,25.696029442062752,0.919799387160873,0.8086216874539123,3.4016464676397145,False,0.0,20.79896907728382
20,BS_1,DC_1,metro_core,True,0.836466794379336,0.012932855372489017,0.03593081479561193,26.46027235794666,0.9872258739612951,0.9115475795096104,4.95387031632938,False,0.0,22.987593643368456
20,BS_2,BS_3,terrestrial_backhaul,True,0.9369835735990512,0.00934830480910027,0.021872143484747593,37.72786749877168,0.9301353918816972,0.7972192471595202,2.054049690150025,False,0.0,30.88098184233106
20,BS_2,DC_1,metro_core,True,0.8080958384218193,0.007995768066511222,0.02563013959964333,31.265748684868637,0.9647516660355843,0.8725434857138594,6.291422876828759,False,0.0,26.544041157547667
20,BS_3,DC_1,metro_core,True,0.8434603850584899,0.00873071381678025,0.024411075003190737,26.446156842852492,0.9037452756475703,0.9073719319405393,1.861995635521766,False,0.0,21.032518589071092
21,SAT_1,SAT_2,inter_satellite,True,0.3383941828955844,0.024616833788122797,0.09703652276901142,9.078498453113367,0.9565871292291458,0.8362974234894284,23.773109161771718,True,0.040215673437214,7.642249800217963
21,SAT_1,UAV_1,satellite_aerial,True,0.31125817582676457,0.02814956318678791,0.09817320067590735,14.208494905478254,0.890141116811293,0.7883715217118352,26.541656781032078,True,0.032567141519456215,11.129857660565582
21,SAT_1,GW_1,satellite_gateway,True,0.21166987293110726,0.037941706378717674,0.11732723558401163,13.124429086762301,0.8947496598683097,0.8073032007333828,23.756270450143298,True,0.0,10.333909045984761
21,SAT_2,UAV_2,satellite_aerial,True,0.2225773936804445,0.06186089912678367,0.1260098706191724,8.001175729117058,0.8653409405217848,0.670236433346851,31.939979627865355,True,0.0,6.092895539028524
21,SAT_2,GW_2,satellite_gateway,True,0.15438994397942205,0.06251339555121826,0.13021619781555602,8.036174623677239,0.8555689559052303,0.7600305278335192,42.989715638069214,True,0.0,6.050441348381446
21,UAV_1,GW_1,aerial_gateway,True,0.3155229202407254,0.015680442746815244,0.08386951199622245,15.756087609178593,0.8812012686421262,0.8543573919652356,11.260053221634974,True,0.07970650036316025,12.218170263239303
21,UAV_1,BS_2,aerial_access,True,0.5836325174836766,0.018957569670513832,0.07627487564202133,16.14809500257439,0.8774826535109317,0.8341477036053127,13.463923858782708,True,0.23950244527243394,12.46931246176492
21,UAV_2,GW_2,aerial_gateway,True,0.31695316184291267,0.019293253952611007,0.07887189686104046,16.38610803800176,0.9187231530076869,0.8188999067381729,16.35778240303701,True,0.09536812379709672,13.247781221133868
21,UAV_2,BS_2,aerial_access,True,0.4874599627116505,0.02466619485810253,0.059316137981793686,19.33094228151097,0.9012425067986072,0.8162004912728693,6.641738824881971,True,0.2817641864070524,15.33124285489996
21,GW_1,BS_1,gateway_backhaul,True,0.8884919281821657,0.01424663421933287,0.03536719691168892,21.52633731362757,0.8636981401481527,0.8520307885710816,7.160520165287967,False,0.0,16.361186601744087
21,GW_1,BS_2,gateway_backhaul,True,0.6850709660035109,0.011309062207447469,0.04409400165233318,16.5031652193077,0.8937660670426396,0.8540808063168337,4.517095814209577,False,0.0,12.979972783197661
21,GW_2,BS_2,gateway_backhaul,True,0.8147100894593741,0.012367647109439576,0.03671456917708894,20.490625700253332,0.9576824461599242,0.7977920693864624,7.558251599055747,False,0.0,17.268691038690097
21,GW_2,BS_3,gateway_backhaul,True,0.5934502513768495,0.005550792994175354,0.04912809941055886,16.353720378436915,0.9201253730124036,0.8440630123670646,6.567187494977627,False,0.0,13.241776295747835
21,BS_1,BS_2,terrestrial_backhaul,True,0.871969771234141,0.009648118981598239,0.029585220981100023,26.699262117376858,0.919799387160873,0.8098250893982851,3.3145749739610517,False,0.0,21.611009141225455
21,BS_1,DC_1,metro_core,True,0.8306646097976463,0.013228222621988972,0.034644458546305934,27.853684254477503,0.9872258739612951,0.9293475160945465,5.183626300025711,False,0.0,24.198132447428296
21,BS_2,BS_3,terrestrial_backhaul,True,0.9521614938789719,0.009842660137801187,0.02135568019141384,35.5418865308668,0.9301353918816972,0.8220805320028005,2.107232520893805,False,0.0,29.091714569810293
21,BS_2,DC_1,metro_core,True,0.7972293950731554,0.008875569399231634,0.033272469817284336,32.454413805983684,0.9647516660355843,0.8716302046258045,6.153829325271828,False,0.0,27.553195814787305
21,BS_3,DC_1,metro_core,True,0.8204952562526493,0.008273072616202607,0.022482020110286542,23.71378147750151,0.9037452756475703,0.9043675573500831,1.922736837159372,False,0.0,18.859471820667146
22,SAT_1,SAT_2,inter_satellite,True,0.32185095493838994,0.025335169076067077,0.10041214000599102,8.865299063041427,0.9565871292291458,0.8728445274625097,23.76664616843833,True,0.027668975722858872,7.462779262815919
22,SAT_1,UAV_1,satellite_aerial,True,0.3084855021849078,0.029447834829602,0.10353267896292723,13.760586185248867,0.890141116811293,0.8148730852506924,26.438006189614672,True,0.017325061068816563,10.77899992832562
22,SAT_1,GW_1,satellite_gateway,True,0.20887708123527512,0.040621395104092795,0.12197694195996797,12.629447905934413,0.8947496598683097,0.8143187175346084,25.72946939903552,True,0.0,9.94417091198023
22,SAT_2,UAV_2,satellite_aerial,True,0.21176110623565159,0.07179314521582669,0.1321454235246674,7.561412033544589,0.8653409405217848,0.6735925938965786,32.70735139207847,True,0.0,5.75801547268659
22,SAT_2,GW_2,satellite_gateway,True,0.15091812593934922,0.06540774192496705,0.13506902276303595,8.291073674683169,0.8555689559052303,0.7375540019570797,42.119820157038276,True,0.0,6.242355017520178
22,UAV_1,GW_1,aerial_gateway,True,0.3103841245866333,0.015708688500669837,0.07942602202111183,15.881385320198344,0.8812012686421262,0.8530235113341399,11.24995044714995,True,0.09249879984902036,12.315333264918834
22,UAV_1,BS_2,aerial_access,True,0.5811304343059375,0.017974615139343914,0.07429689096734973,16.18039716525313,0.8774826535109317,0.8333564402788869,13.372980306503065,True,0.25418858637237074,12.494255698695826
22,UAV_2,GW_2,aerial_gateway,True,0.3185493172526723,0.019904781582954306,0.0796537647362888,15.657106558349783,0.9187231530076869,0.8083131175620029,15.795350110934473,True,0.09311816221335244,12.658400747752713
22,UAV_2,BS_2,aerial_access,True,0.47815813959691944,0.024543040267271922,0.05731922909293997,18.885762676726074,0.9012425067986072,0.8175905667021915,6.753147532930067,True,0.2868598301730787,14.978173845867039
22,GW_1,BS_1,gateway_backhaul,True,0.8676511988732186,0.013755529279576056,0.028327509128284783,21.09733684100842,0.8636981401481527,0.8674401257633284,7.057908653441363,False,0.0,16.03512292065911
22,GW_1,BS_2,gateway_backhaul,True,0.6531104986214804,0.010211323803688695,0.05098077640043622,15.119127741704945,0.8937660670426396,0.8418979344017508,4.4555524773908095,False,0.0,11.891407738160627
22,GW_2,BS_2,gateway_backhaul,True,0.7958867182272965,0.013724200682226097,0.03767017523040136,22.456487291329744,0.9576824461599242,0.8165040750340586,7.990074795427641,False,0.0,18.925441639561527
22,GW_2,BS_3,gateway_backhaul,True,0.5965244635797082,0.005788988034838726,0.046577795606048175,16.06200768653206,0.9201253730124036,0.8344506803129902,6.629264048714051,False,0.0,13.005573516230596
22,BS_1,BS_2,terrestrial_backhaul,True,0.8976811435138498,0.009573015652479705,0.020205615257748694,28.49854501532412,0.919799387160873,0.7950505115583318,3.507408732538713,False,0.0,23.067390931263073
22,BS_1,DC_1,metro_core,True,0.849079967784901,0.011587620905032016,0.02900752571999264,27.02808251992621,0.9872258739612951,0.9357144424143451,5.0933089229611435,False,0.0,23.4808837007643
22,BS_2,BS_3,terrestrial_backhaul,True,0.939670631771051,0.008746384755823611,0.019581022357325284,36.14010281977701,0.9301353918816972,0.8277354541191725,2.0158981614521627,False,0.0,29.581366055047948
22,BS_2,DC_1,metro_core,True,0.817930903033207,0.009439191229020021,0.03151163326284576,32.30536758439809,0.9647516660355843,0.8647218517051396,5.80109773329779,False,0.0,27.426658335067216
22,BS_3,DC_1,metro_core,True,0.8309539402082264,0.00866334726208691,0.024325315983790244,24.702267130110695,0.9037452756475703,0.9261124654512168,1.8779690999658407,False,0.0,19.64561035062719
23,SAT_1,SAT_2,inter_satellite,True,0.31185691604627014,0.027366906274997695,0.0984964557103573,8.619644813667264,0.9565871292291458,0.8803255038143776,23.96615117180004,True,0.03182647388761047,7.25598833280716
23,SAT_1,UAV_1,satellite_aerial,True,0.2938744567937115,0.03352983711959194,0.10069738720961244,13.787925848279952,0.890141116811293,0.8226072491476922,26.64168419336746,True,0.023261298087567817,10.800415747527307
23,SAT_1,GW_1,satellite_gateway,True,0.20284342571583366,0.04022434492324306,0.1160307917305001,11.764162815421571,0.8947496598683097,0.8265133572491568,23.324955373954772,True,0.0,9.262862996405804
23,SAT_2,UAV_2,satellite_aerial,True,0.20855194803216534,0.07318683871686844,0.12733122000984687,7.314207168305985,0.8653409405217848,0.7010841246447486,29.029653176512877,True,0.0,5.5697689609699115
23,SAT_2,GW_2,satellite_gateway,True,0.14670856171390964,0.06597112477427756,0.13476758811490047,8.913384063655045,0.8555689559052303,0.7754819596610953,45.370869041972156,True,0.0,6.7108929332928255
23,UAV_1,GW_1,aerial_gateway,True,0.311218682746873,0.0175291060654212,0.07452244966467786,16.2924329352866,0.8812012686421262,0.8759059813032266,10.75666585658975,True,0.10834331535549764,12.634083063220356
23,UAV_1,BS_2,aerial_access,True,0.5717345240443563,0.01878870303319465,0.07767196922795683,16.304896464867753,0.8774826535109317,0.8478650717424911,13.91295057409375,True,0.22150206037099987,12.590392157387585
23,UAV_2,GW_2,aerial_gateway,True,0.3108215412145182,0.020813354348264212,0.08028382223959236,17.520048313122984,0.9187231530076869,0.8031830991407332,15.314766230852603,True,0.0880335859675399,14.164545143829834
23,UAV_2,BS_2,aerial_access,True,0.46600781178375567,0.0263850828255497,0.06319910754770641,18.440121685811153,0.9012425067986072,0.8452196978378432,6.474134423613848,True,0.23975159389406148,14.624738914536785
23,GW_1,BS_1,gateway_backhaul,True,0.8800462029973104,0.01435903245621673,0.03130885995854166,22.41454875635376,0.8636981401481527,0.8736291266373124,7.262323493236921,False,0.0,17.03627558434809
23,GW_1,BS_2,gateway_backhaul,True,0.657963672346312,0.009500783576563915,0.045060486179507454,15.24106419784432,0.8937660670426396,0.8551762274283209,4.690664716823732,False,0.0,11.987312484973497
23,GW_2,BS_2,gateway_backhaul,True,0.8127368560271752,0.013188882887309824,0.0351049235602657,22.384384887764504,0.9576824461599242,0.8197222985113937,7.9745386363372335,False,0.0,18.864676578087604
23,GW_2,BS_3,gateway_backhaul,True,0.5810871561093957,0.0056678867408787885,0.04640212608305713,15.645814582463926,0.9201253730124036,0.8581130156417831,6.805773568069789,False,0.0,12.668577661319821
23,BS_1,BS_2,terrestrial_backhaul,True,0.8928879788739543,0.00978610478498342,0.029629030812778057,28.943037083569145,0.919799387160873,0.8131745184481639,3.2982599971063746,False,0.0,23.42717323939636
23,BS_1,DC_1,metro_core,True,0.8500239120420088,0.012931623462240248,0.030974424187606923,27.118270987861695,0.9872258739612951,0.926123070400475,5.1989075833919145,False,0.0,23.55923572315368
23,BS_2,BS_3,terrestrial_backhaul,True,0.9126347425435909,0.00813437322724829,0.01917938220987042,34.06324051227273,0.9301353918816972,0.8492308133052353,1.983938959197895,False,0.0,27.8814144951261
23,BS_2,DC_1,metro_core,True,0.7873424037548965,0.009262123234392133,0.029671896051326644,32.66778103404548,0.9647516660355843,0.8784368937693107,5.628279987322836,False,0.0,27.734340636887318
23,BS_3,DC_1,metro_core,True,0.8332275389669305,0.008812843624508862,0.020876852721955236,23.801688132340434,0.9037452756475703,0.9242839427610906,1.8294724444848658,False,0.0,18.92938361779477
