time,secure_feasible_ratio,allocated_ratio,mean_security_margin,mean_q_share,mean_risk,mean_security_level,mean_functional_score,mean_latency,mean_free_energy,n_secure,n_best_effort,n_degraded,n_blocked,SCI,SDI,signed_margin,regime,seed,scenario,method
0,0.6,1.0,0.20471636598879445,0.3332656428823708,0.21085646123629917,0.7007163659887945,-0.5809472267465506,30.712551220741773,0.49894965503751215,3,2,0,0,0.5090616205748898,0.09632701172651388,0.41273460884837593,secure,42,nominal,proposed_hybrid
1,0.6,1.0,0.14168936126486723,0.3335038083475925,0.211659071563,0.6376893612648672,-0.6545575086481168,34.01917476717579,0.5649306639740707,3,2,0,0,0.4226266742241187,0.13696263941591863,0.2856640348082001,secure,42,nominal,proposed_hybrid
2,0.6,1.0,0.16362144578398813,0.35751599816718366,0.2069226340909076,0.6596214457839882,-0.6272370466304693,33.71066122923032,0.5380421209095468,3,2,0,0,0.4293756132738519,0.09949366612871453,0.32988194714513736,secure,42,nominal,proposed_hybrid
3,0.6,0.8,0.13871772101541482,0.40491332050643936,0.2013009103289604,0.6347177210154149,-0.6426955500409559,30.90583200970989,0.557427385227362,3,1,1,0,0.3659846829097425,0.08631185828189006,0.2796728246278525,secure,42,nominal,proposed_hybrid
4,0.4,0.8,-0.03444638107709075,0.18975635043420988,0.23164448821369046,0.46155361892290925,-0.8691606043804603,46.892725102964064,0.7585107892363107,2,2,1,0,0.2754321912426416,0.34488054018838915,-0.06944834894574753,transition,42,nominal,proposed_hybrid
5,0.6,1.0,0.1318893867955968,0.346484352915525,0.21218797540874323,0.6278893867955968,-0.6535947432427224,28.23564916738143,0.5720648344083884,3,2,0,0,0.4807241587356678,0.21481813697035163,0.2659060217653162,secure,42,nominal,proposed_hybrid
6,0.4,0.8,0.06132282157434464,0.34813058143502423,0.20031680638655866,0.5573228215743447,-0.728078734602417,31.15689394966025,0.6364590830728927,2,2,1,0,0.3652576559205213,0.24162293500450388,0.1236347209160174,secure,42,nominal,proposed_hybrid
7,0.8,1.0,0.24846766927325037,0.38214418445265863,0.18968137648876876,0.7444676692732504,-0.5218980126347776,29.58202279713756,0.438483180718785,4,1,0,0,0.5790370582853109,0.07809417668601579,0.5009428815992951,secure,42,nominal,proposed_hybrid
8,0.6,1.0,0.1588867112078673,0.3921236903481268,0.19241878601240156,0.6548867112078673,-0.6194943383127207,31.836283251666117,0.5269235417603881,3,2,0,0,0.427637627288981,0.10730151598279701,0.320336111306184,secure,42,nominal,proposed_hybrid
9,0.6,1.0,0.16694352250714312,0.3368588503369484,0.20256693894717884,0.6629435225071431,-0.6210020954689301,31.889971876919635,0.5313561348412427,3,2,0,0,0.5107153724885036,0.17413569001442475,0.3365796824740789,secure,42,nominal,proposed_hybrid
10,0.6,1.0,0.16375170912849427,0.33162427139281203,0.20780550550272806,0.6597517091284943,-0.6260419933213119,31.56504877800616,0.5368509250321034,3,2,0,0,0.5137393549599245,0.18359478010408925,0.33014457485583526,secure,42,nominal,proposed_hybrid
11,0.6,1.0,0.22477182973052123,0.3587862807147034,0.19826474055964466,0.7207718297305212,-0.5432351697314394,27.764375025706006,0.465365044695451,3,2,0,0,0.5591113403524494,0.10594232879897912,0.4531690115534702,secure,42,nominal,proposed_hybrid
12,0.8,1.0,0.22867461490539878,0.3670958618776996,0.19948065658655068,0.7246746149053988,-0.5412445727977377,27.77981517377274,0.46335283155445606,4,1,0,0,0.5612090094528344,0.10017147940162716,0.4610375300512072,secure,42,nominal,proposed_hybrid
13,0.4,0.8,-0.009939308543087489,0.18848930859883856,0.2330755928761386,0.4860606914569125,-0.8415554494704406,44.824864046182185,0.7308006398057856,2,2,1,0,0.22807243359289953,0.24811136210718882,-0.02003892851428929,transition,42,nominal,proposed_hybrid
14,0.6,0.8,0.08149897653442059,0.3817225620729195,0.20980233647565902,0.5774989765344205,-0.707851591495402,29.97875653990505,0.6238813323395348,3,1,1,0,0.35030772626147655,0.18599527357111245,0.1643124526903641,secure,42,nominal,proposed_hybrid
15,0.8,1.0,0.20463168605056525,0.37144020318359855,0.20555317605957507,0.7006316860505652,-0.5844144900107083,31.563272690530443,0.4922259082439656,4,1,0,0,0.48710781551758714,0.07454393235112493,0.4125638831664622,secure,42,nominal,proposed_hybrid
16,0.6,1.0,0.2230730519362046,0.3596477480761582,0.2105490474296788,0.7190730519362047,-0.5622190099719454,28.79370039989153,0.47990782941209725,3,2,0,0,0.5507935172480493,0.10104946092505607,0.4497440563229932,secure,42,nominal,proposed_hybrid
17,0.6,1.0,0.1838718204986905,0.3496566983724998,0.21837091572964962,0.6798718204986904,-0.6046806640937314,28.121888534703743,0.5233100201451462,3,2,0,0,0.5297435213674517,0.15903420584589825,0.3707093155215535,secure,42,nominal,proposed_hybrid
18,0.6,1.0,0.23036227597265016,0.3567049378554211,0.21166532885039396,0.7263622759726502,-0.55855791286004,30.908560218210518,0.47328592855454527,3,2,0,0,0.5616468201319329,0.0972067476064286,0.4644400725255043,secure,42,nominal,proposed_hybrid
19,0.6,1.0,0.2094094459854437,0.32268836221158553,0.21320015375120124,0.7054094459854438,-0.5816839006042183,32.04710368174567,0.49481795544977436,3,2,0,0,0.5662939868030962,0.14409752312276622,0.4221964636803299,secure,42,nominal,proposed_hybrid
20,0.6,1.0,0.21219639492351342,0.32736112432046865,0.21465953174385258,0.7081963949235135,-0.5819917094982068,32.30168197522712,0.4947693547328888,3,2,0,0,0.5596276240342726,0.13181231168847937,0.4278153123457932,secure,42,nominal,proposed_hybrid
21,0.6,1.0,0.21186643476889627,0.3457415798688145,0.2179391219824121,0.7078664347688963,-0.582257936265862,32.29989282310747,0.49503808631351154,3,2,0,0,0.5202611313453482,0.09311106124676695,0.4271500700985813,secure,42,nominal,proposed_hybrid
22,0.6,1.0,0.1952990212251607,0.32694184801931614,0.21519475744889963,0.6912990212251607,-0.5985774416471468,32.36566144654571,0.5112655156219829,3,2,0,0,0.5159850112422174,0.12223698457858695,0.39374802666363046,secure,42,nominal,proposed_hybrid
23,0.6,1.0,0.19622828887621938,0.3308063902209968,0.21868519432415998,0.6922282888762193,-0.5945585208879517,30.76456187791539,0.5124881342588702,3,2,0,0,0.5088118380364236,0.11319028788275547,0.3956215501536681,secure,42,nominal,proposed_hybrid
0,0.6,1.0,0.15125862368322895,0.35381426202549576,0.21894084254160612,0.647258623683229,-0.636072978427766,27.832912368424992,0.558106901111971,3,2,0,0,0.44750244415206153,0.14254554156490643,0.30495690258715513,secure,42,nominal,latency_first
1,0.6,1.0,0.12829827066838356,0.33196074765774375,0.20234940180427685,0.6242982706683835,-0.6559945294422087,26.940683894544794,0.573277571989846,3,2,0,0,0.42578498978709783,0.16711912150406644,0.2586658682830314,secure,42,nominal,latency_first
2,0.6,1.0,0.15557104972944574,0.3588507986850657,0.2006614019678395,0.6515710497294458,-0.6236321284484385,26.399941273421092,0.5416722106656491,3,2,0,0,0.46077988121450386,0.1471285712761052,0.3136513099383986,secure,42,nominal,latency_first
3,0.6,1.0,0.07456681725481756,0.2619779260427716,0.23481347695842647,0.5705668172548176,-0.7463904032439799,40.931356891717996,0.6470865035955746,3,2,0,0,0.3528258480531108,0.20248952294259148,0.1503363251105193,secure,42,nominal,latency_first
4,0.4,0.8,-0.051535145449484565,0.181179932849582,0.22386060556641368,0.4444648545505155,-0.8875256349409943,46.02059180254601,0.7720968064174298,2,2,1,0,0.2404914185957143,0.3443929215180623,-0.10390150292234798,transition,42,nominal,latency_first
5,0.6,1.0,0.1318893867955968,0.346484352915525,0.21218797540874323,0.6278893867955968,-0.6535947432427224,28.23564916738143,0.5720648344083884,3,2,0,0,0.4807241587356678,0.21481813697035163,0.2659060217653162,secure,42,nominal,latency_first
6,0.4,0.8,0.0462097014906991,0.3423768191463403,0.19865778909947499,0.5422097014906991,-0.7429930478855431,29.40528750585181,0.6508256453773505,2,2,1,0,0.32756454099693527,0.23439982024955808,0.0931647207473772,secure,42,nominal,latency_first
7,0.8,1.0,0.24846766927325037,0.38214418445265863,0.18968137648876876,0.7444676692732504,-0.5218980126347776,29.58202279713756,0.438483180718785,4,1,0,0,0.5790370582853109,0.07809417668601579,0.5009428815992951,secure,42,nominal,latency_first
8,0.8,1.0,0.14501126184434932,0.3201849085834955,0.20597358609812547,0.6410112618443493,-0.6343671192164541,26.841418343521646,0.5517891335355238,4,1,0,0,0.42531550685625924,0.1329540918474905,0.2923614150087688,secure,42,nominal,latency_first
9,0.6,1.0,0.12622947903339637,0.3211966740180755,0.20279011354983156,0.6222294790333963,-0.6571355734700142,26.45992254454319,0.5720916819076538,3,2,0,0,0.45169330150100595,0.19719838409496485,0.25449491740604113,secure,42,nominal,latency_first
10,0.6,1.0,0.1293077403474256,0.31912804790656235,0.20745932881477364,0.6253077403474256,-0.6560847780109798,26.04269614223971,0.5716250034118443,3,2,0,0,0.4639749543740652,0.20327386496393307,0.26070108941013215,secure,42,nominal,latency_first
11,0.6,1.0,0.18445707127121952,0.3591843841016596,0.2026598350988163,0.6804570712712195,-0.5889642028248046,24.691852696166947,0.5093956090501709,3,2,0,0,0.5245334559745507,0.15264419937935006,0.37188925659520067,secure,42,nominal,latency_first
12,0.8,1.0,0.189068137505024,0.3750760741004601,0.20797071405001386,0.6850681375050239,-0.5866660318955103,25.244668060907223,0.5093234966102401,4,1,0,0,0.5045416446385091,0.1233558835396704,0.3811857610988387,secure,42,nominal,latency_first
13,0.4,0.8,-0.009939308543087489,0.18848930859883856,0.2330755928761386,0.4860606914569125,-0.8415554494704406,44.824864046182185,0.7308006398057856,2,2,1,0,0.22807243359289953,0.24811136210718882,-0.02003892851428929,transition,42,nominal,latency_first
14,0.6,1.0,0.060666303788183475,0.26115271647562055,0.2382443695721908,0.5566663037881835,-0.763998809271619,39.854081704264466,0.6632030948856487,3,2,0,0,0.33064539062224363,0.20833429427509956,0.12231109634714407,secure,42,nominal,latency_first
15,0.8,1.0,0.19384332265682194,0.35898126450257367,0.222569885723797,0.6898433226568219,-0.5948542986737235,25.585193275924652,0.5140350280874291,4,1,0,0,0.5105808077999794,0.1197676572821932,0.3908131505177862,secure,42,nominal,latency_first
16,0.6,1.0,0.1659327768596815,0.34387641406457903,0.2221600227583928,0.6619327768596814,-0.6239277720974294,25.283399627533264,0.5435310126188829,3,2,0,0,0.47794851125249743,0.1434066224224944,0.334541888830003,secure,42,nominal,latency_first
17,0.6,1.0,0.17517930288609368,0.3439014874754721,0.22543645210705945,0.6711793028860937,-0.61688895138836,26.219230186273315,0.5351820291275773,3,2,0,0,0.5220280595183655,0.1688439811189831,0.3531840783993824,secure,42,nominal,latency_first
18,0.6,1.0,0.18116649996404993,0.36176103798974324,0.2229602417898094,0.67716649996405,-0.6116014492498627,27.18152028985698,0.5285473208440629,3,2,0,0,0.5112748984855667,0.14601985823546595,0.3652550402501008,secure,42,nominal,latency_first
19,0.6,1.0,0.16640614394955794,0.332046319663087,0.23249945039236564,0.662406143949558,-0.6333279274483474,27.608410463353835,0.5496761527996521,3,2,0,0,0.5129402255401243,0.17744396757730588,0.33549625796281846,secure,42,nominal,latency_first
20,0.6,1.0,0.1344289773716393,0.3190565676030571,0.22445694083724693,0.6304289773716393,-0.6629560938238738,28.176162354024086,0.5785094665282401,3,2,0,0,0.4448670321890172,0.17384086813329275,0.27102616405572444,secure,42,nominal,latency_first
21,0.6,1.0,0.15243067968416044,0.3479475083172782,0.21729696758570083,0.6484306796841605,-0.6391999283865035,27.697760837813604,0.5554230632135644,3,2,0,0,0.4489668549152752,0.14164693619720978,0.3073199187180654,secure,42,nominal,latency_first
22,0.6,1.0,0.1412841791186264,0.3379649628631731,0.21474997575566973,0.6372841791186264,-0.6503480752873969,27.75291221075791,0.5664939981923359,3,2,0,0,0.45281609131431155,0.16796895599450032,0.2848471353198112,secure,42,nominal,latency_first
23,0.6,1.0,0.12542629706431319,0.3355204132575424,0.21266439060863235,0.6214262970643132,-0.6648359632811094,26.88833795610763,0.5821922901425587,3,2,0,0,0.4129368826617105,0.16006128374172426,0.25287559891998623,secure,42,nominal,latency_first
0,0.6,1.0,0.16999107659992935,0.2857931176693356,0.2078487971564354,0.6659910765999293,-0.6179540615035546,31.476929925522086,0.5318863596078237,3,2,0,0,0.439050956484436,0.09632701172651388,0.3427239447579221,secure,42,nominal,pqc_trust
1,0.6,1.0,0.14168936126486723,0.3335038083475925,0.211659071563,0.6376893612648672,-0.6545575086481168,34.01917476717579,0.5649306639740707,3,2,0,0,0.4226266742241187,0.13696263941591863,0.2856640348082001,secure,42,nominal,pqc_trust
2,0.6,1.0,0.11601832167746588,0.28260090042996805,0.20178492173221993,0.612018321677466,-0.6844165231683166,36.556555800234904,0.5852373450479877,3,2,0,0,0.33340157273650867,0.09949366612871453,0.23390790660779415,secure,42,nominal,pqc_trust
3,0.8,1.0,0.13891095629209077,0.29884259242433336,0.19635270696686186,0.6349109562920908,-0.6443341475269333,31.549396979614283,0.5551649917554733,4,1,0,0,0.36637427016110535,0.08631185828189006,0.2800624118792153,secure,42,nominal,pqc_trust
4,0.4,0.8,-0.09422506980460732,0.13162852297174502,0.23041479570581833,0.4017749301953927,-0.9331859825183384,47.70332944787499,0.8184013212913135,2,2,1,0,0.15491064138877758,0.34488054018838915,-0.18996989879961157,sparse,42,nominal,pqc_trust
5,0.6,1.0,0.06473253341674251,0.22569450969449356,0.20907551773674832,0.5607325334167425,-0.7342157905332336,32.07461259588056,0.6413113328990008,3,2,0,0,0.3453272769234615,0.21481813697035163,0.13050913995310987,secure,42,nominal,pqc_trust
6,0.4,1.0,0.01747159353695523,0.24924507466396242,0.2070336497030473,0.5134715935369553,-0.7754503984308766,30.572673501376194,0.6846486555289499,2,3,0,0,0.24967839525759167,0.2144534082879239,0.035224986969667776,transition,42,nominal,pqc_trust
7,0.8,1.0,0.20255962197448688,0.31899487552176464,0.19129511964553503,0.6985596219744868,-0.5750939545232788,30.138062737392055,0.48790066669092996,4,1,0,0,0.4864805113119974,0.07809417668601579,0.4083863346259816,secure,42,nominal,pqc_trust
8,0.8,1.0,0.1579541659114278,0.31901736518645396,0.1986897469481952,0.6539541659114277,-0.6290171665625117,32.10022610336311,0.5360768500178034,4,1,0,0,0.4224077573223585,0.1039517776622218,0.3184559796601367,secure,42,nominal,pqc_trust
9,0.6,1.0,0.10203050290569556,0.25456696750724006,0.20413385948738197,0.5980305029056956,-0.6929000581128453,32.51708677329775,0.5993761366302284,3,2,0,0,0.37984234909848835,0.17413569001442475,0.2057066590840636,secure,42,nominal,pqc_trust
10,0.6,1.0,0.11460379075599172,0.2632590511863406,0.20898106874904104,0.6106037907559918,-0.6807160498303604,32.01815285932962,0.587890635827299,3,2,0,0,0.4146508098540726,0.18359478010408925,0.23105602974998335,secure,42,nominal,pqc_trust
11,0.6,1.0,0.18123582716993414,0.29558720004613037,0.20247465889081734,0.6772358271699341,-0.5956284064887918,28.337491387999034,0.5139559185455933,3,2,0,0,0.47133714164158824,0.10594232879897912,0.3653948128426091,secure,42,nominal,pqc_trust
12,0.8,1.0,0.16971127265159322,0.2894715183566905,0.20454599225259606,0.6657112726515932,-0.6104919981463615,28.229906225588188,0.5289701294305381,4,1,0,0,0.44233130329596837,0.10017147940162716,0.3421598238943412,secure,42,nominal,pqc_trust
13,0.4,0.8,-0.009939308543087489,0.18848930859883856,0.2330755928761386,0.4860606914569125,-0.8415554494704406,44.824864046182185,0.7308006398057856,2,2,1,0,0.22807243359289953,0.24811136210718882,-0.02003892851428929,transition,42,nominal,pqc_trust
14,0.6,1.0,0.04352438675893833,0.24381966314948614,0.21527116065054064,0.5395243867589383,-0.7558479619621086,30.379620518484064,0.6683164932362309,3,2,0,0,0.22340821490883125,0.1356574351529072,0.08775077975592405,transition,42,nominal,pqc_trust
15,0.8,1.0,0.1925647621877443,0.3101353469250497,0.2173236966519057,0.6885647621877442,-0.5957585290926125,28.672242711048604,0.5136173892971444,4,1,0,0,0.4837588463175267,0.09552343868094551,0.38823540763658115,secure,42,nominal,pqc_trust
16,0.6,1.0,0.18175561570254092,0.29658426887148986,0.2184609227948026,0.677755615702541,-0.6076069054930492,28.630866139777567,0.5255236928973606,3,2,0,0,0.46749223451888855,0.10104946092505607,0.3664427735938325,secure,42,nominal,pqc_trust
17,0.6,1.0,0.12969261071881807,0.2834017921862981,0.22304402495013176,0.6256926107188181,-0.6684033406458265,28.903147558288957,0.5829389340642221,3,2,0,0,0.42051124358545083,0.15903420584589825,0.26147703773955255,secure,42,nominal,pqc_trust
18,0.6,1.0,0.1591429971229633,0.28037588759487353,0.20470632487230858,0.6551429971229632,-0.6380638088631413,33.12568636815648,0.5436878479477222,3,2,0,0,0.4180595643865965,0.0972067476064286,0.3208528167801679,secure,42,nominal,pqc_trust
19,0.6,1.0,0.15904600319074963,0.26570840257870476,0.21293747598251161,0.6550460031907497,-0.637534869155975,32.80204720741807,0.5466120030655898,3,2,0,0,0.4647547876202454,0.14409752312276622,0.3206572644974792,secure,42,nominal,pqc_trust
20,0.6,1.0,0.177417917281456,0.28248811140386937,0.21127245110129084,0.6734179172814561,-0.6178881417526506,32.86707936219289,0.5268742306455805,3,2,0,0,0.48950972556238254,0.13181231168847937,0.3576974138739032,secure,42,nominal,pqc_trust
21,0.6,1.0,0.1603283863133782,0.28111740086665504,0.22106239222855092,0.6563283863133782,-0.6359839233016386,31.903315395378815,0.5493192817481083,3,2,0,0,0.4163537755882552,0.09311106124676695,0.32324271434148827,secure,42,nominal,pqc_trust
22,0.6,1.0,0.1518455592768906,0.26825718428655193,0.2094723786720702,0.6478455592768906,-0.644559194865703,33.21107944329603,0.5530636836450886,3,2,0,0,0.42837722505618897,0.12223698457858695,0.306140240477602,secure,42,nominal,pqc_trust
23,0.6,1.0,0.15883645570540939,0.27931286426001495,0.21386628406258823,0.6548364557054094,-0.6332440939065275,31.499895152275787,0.5471442406933413,3,2,0,0,0.4334250776114034,0.11319028788275547,0.32023478972864794,secure,42,nominal,pqc_trust
0,0.6,1.0,0.15125862368322895,0.35381426202549576,0.21894084254160612,0.647258623683229,-0.636072978427766,27.832912368424992,0.558106901111971,3,2,0,0,0.44750244415206153,0.14254554156490643,0.30495690258715513,secure,42,nominal,qkd_priority
1,0.6,1.0,0.15271510864064125,0.3481803300393572,0.2165663237766217,0.6487151086406413,-0.6331485706506883,27.778729818246312,0.5552583489051435,3,2,0,0,0.4669815129337961,0.15908814873895485,0.30789336419484126,secure,42,nominal,qkd_priority
2,0.6,1.0,0.1693393500821653,0.3711172363135069,0.21236721862130406,0.6653393500821653,-0.6103592188045495,27.276922141114902,0.5331715278069886,3,2,0,0,0.47373045198352925,0.13232047197916377,0.3414099800043655,secure,42,nominal,qkd_priority
3,0.6,0.8,0.11316343101811124,0.4209215435276851,0.19635444096595683,0.6091634310181112,-0.6696283916602603,33.16269406230997,0.5782006199730263,3,1,1,0,0.3607851497142082,0.1326330710486614,0.22815207866554682,secure,42,nominal,qkd_priority
4,0.4,0.8,-0.03444638107709075,0.18975635043420988,0.23164448821369046,0.46155361892290925,-0.8691606043804603,46.892725102964064,0.7585107892363107,2,2,1,0,0.2754321912426416,0.34488054018838915,-0.06944834894574753,transition,42,nominal,qkd_priority
5,0.6,1.0,0.1318893867955968,0.346484352915525,0.21218797540874323,0.6278893867955968,-0.6535947432427224,28.23564916738143,0.5720648344083884,3,2,0,0,0.4807241587356678,0.21481813697035163,0.2659060217653162,secure,42,nominal,qkd_priority
6,0.4,0.8,0.059593991452572034,0.34813058143502423,0.2069794908046198,0.555593991452572,-0.7283939599015762,30.14845622770241,0.6411861211827927,2,2,1,0,0.3617721113201733,0.24162293500450388,0.1201491763156694,secure,42,nominal,qkd_priority
7,0.8,1.0,0.23726495024356864,0.40227987790857966,0.18686058623831664,0.7332649502435686,-0.5364471329517081,32.10553311097273,0.44649938659634625,4,1,0,0,0.5790370582853109,0.10068030376198699,0.47835675452332393,secure,42,nominal,qkd_priority
8,0.6,1.0,0.1588867112078673,0.3921236903481268,0.19241878601240156,0.6548867112078673,-0.6194943383127207,31.836283251666117,0.5269235417603881,3,2,0,0,0.427637627288981,0.10730151598279701,0.320336111306184,secure,42,nominal,qkd_priority
9,0.6,1.0,0.17884957184013917,0.31971961484279643,0.20303016405140628,0.6748495718401392,-0.6007815258542065,29.303680950685635,0.5177563725232466,3,2,0,0,0.5638135835400406,0.20322976934621167,0.36058381419382896,secure,42,nominal,qkd_priority
10,0.6,1.0,0.17270788289771213,0.3165776937245245,0.20639495349280906,0.6687078828977121,-0.6096111051547259,29.277931535993197,0.5266220010043354,3,2,0,0,0.5612023189510214,0.21300094214111784,0.3482013768099035,secure,42,nominal,qkd_priority
11,0.6,1.0,0.16768941581113475,0.31107887030978665,0.19849163105267525,0.6636894158111348,-0.6118377426038003,30.82867051755,0.5236776038792302,3,2,0,0,0.47133714164158824,0.133253642022365,0.33808349961922324,secure,42,nominal,qkd_priority
12,0.8,1.0,0.1637484581395141,0.3309510918891777,0.1996034250668721,0.6597484581395141,-0.6182470271838556,30.764637705737044,0.5301765343958237,4,1,0,0,0.44233130329596837,0.11219328285339955,0.3301380204425688,secure,42,nominal,qkd_priority
13,0.2,0.6,-0.06106339092679096,0.253431679087769,0.22988340314705322,0.434936609073209,-0.8951221298521423,47.46245088179973,0.7776746986176228,1,2,2,0,0.19861724800366806,0.321728923259295,-0.12311167525562691,transition,42,nominal,qkd_priority
14,0.6,0.8,0.011471380375248108,0.3151414102532179,0.2105283164651393,0.5074713803752481,-0.7890356073647261,32.4772674367493,0.695567432953277,3,1,1,0,0.22340821490883125,0.20028043189421812,0.02312778301461313,transition,42,nominal,qkd_priority
15,0.8,1.0,0.2029705973273353,0.37144020318359855,0.2129707995385505,0.6989705973273352,-0.5849491004790792,30.5172663902462,0.49722492753273456,4,1,0,0,0.4837588463175267,0.07454393235112493,0.40921491396640175,secure,42,nominal,qkd_priority
16,0.6,1.0,0.17102736723030812,0.31031272344043015,0.21355290333473506,0.6670273672303082,-0.6184236830623596,29.95052514790322,0.531492947855295,3,2,0,0,0.46749223451888855,0.12267899413520282,0.3448132403836857,secure,42,nominal,qkd_priority
17,0.6,1.0,0.18156087775364743,0.3496566983724998,0.22723581066398993,0.6775608777536475,-0.606468701038776,27.041811020095516,0.5296101656106422,3,2,0,0,0.5250843626072842,0.15903420584589825,0.36605015676138597,secure,42,nominal,qkd_priority
18,0.6,1.0,0.21592412163272495,0.3718334149900948,0.21627659666620663,0.711924121632725,-0.5735532749174546,32.14913886575093,0.4865444805054032,3,2,0,0,0.556499010940666,0.12116812055210759,0.43533089038855843,secure,42,nominal,qkd_priority
19,0.6,1.0,0.2065130492008158,0.32268836221158553,0.22330899029867385,0.7025130492008158,-0.5844553218124264,30.851423665472566,0.5022633286807648,3,2,0,0,0.5604544771566691,0.14409752312276622,0.4163569540339028,secure,42,nominal,qkd_priority
20,0.6,1.0,0.20938184349332278,0.32736112432046865,0.2234243088194153,0.7053818434933228,-0.5840425873421845,31.081808210787024,0.5015280558470827,3,2,0,0,0.5539531251830817,0.13181231168847937,0.4221408134946023,secure,42,nominal,qkd_priority
21,0.6,1.0,0.2024020793305167,0.36229603947863925,0.22021213985222055,0.6984020793305167,-0.592083904953385,33.915114005304744,0.5026027453459585,3,2,0,0,0.5162757982762951,0.10820708994864042,0.4080687083276547,secure,42,nominal,qkd_priority
22,0.6,1.0,0.1932392953866387,0.32694184801931614,0.22086639269438563,0.6892392953866386,-0.5986037161180303,31.23302771218341,0.5158774773209737,3,2,0,0,0.5118323381806811,0.12223698457858695,0.38959535360209413,secure,42,nominal,qkd_priority
23,0.6,1.0,0.19622828887621938,0.3308063902209968,0.21868519432415998,0.6922282888762193,-0.5945585208879517,30.76456187791539,0.5124881342588702,3,2,0,0,0.5088118380364236,0.11319028788275547,0.3956215501536681,secure,42,nominal,qkd_priority
0,0.6,1.0,0.20471636598879445,0.3332656428823708,0.21085646123629917,0.7007163659887945,-0.5809472267465506,30.712551220741773,0.49894965503751215,3,2,0,0,0.5090616205748898,0.09632701172651388,0.41273460884837593,secure,42,nominal,max_margin_greedy
1,0.6,1.0,0.14168936126486723,0.3335038083475925,0.211659071563,0.6376893612648672,-0.6545575086481168,34.01917476717579,0.5649306639740707,3,2,0,0,0.4226266742241187,0.13696263941591863,0.2856640348082001,secure,42,nominal,max_margin_greedy
2,0.6,1.0,0.16362144578398813,0.35751599816718366,0.2069226340909076,0.6596214457839882,-0.6272370466304693,33.71066122923032,0.5380421209095468,3,2,0,0,0.4293756132738519,0.09949366612871453,0.32988194714513736,secure,42,nominal,max_margin_greedy
3,0.6,0.8,0.13871772101541482,0.40491332050643936,0.2013009103289604,0.6347177210154149,-0.6426955500409559,30.90583200970989,0.557427385227362,3,1,1,0,0.3659846829097425,0.08631185828189006,0.2796728246278525,secure,42,nominal,max_margin_greedy
4,0.4,0.8,-0.03418118178789452,0.18975635043420988,0.22705503898603885,0.4618188182121055,-0.8704410541284094,47.32908309552738,0.7561803377946712,2,2,1,0,0.2754321912426416,0.3443458642021064,-0.06891367295946477,transition,42,nominal,max_margin_greedy
5,0.4,0.8,0.07498026804674261,0.3824206519129888,0.20850719272617074,0.5709802680467426,-0.7213954133194719,32.91272312099069,0.6273176009500849,2,2,1,0,0.3635870619614743,0.2124171667059448,0.15116989525552949,secure,42,nominal,max_margin_greedy
6,0.2,0.8,-0.08971071931103407,0.3446821392490988,0.1955322060773752,0.40628928068896586,-0.8949207537315924,36.61816784728984,0.7866553187453867,1,3,1,0,0.20777301176235344,0.38864139747008336,-0.18086838570772992,transition,42,nominal,max_margin_greedy
7,0.8,1.0,0.19191296223778825,0.3094853565177103,0.1890768528479309,0.6879129622377882,-0.5961793710378888,34.02161762084429,0.4975491063687067,4,1,0,0,0.4628245973335028,0.0759033024992523,0.3869212948342505,secure,42,nominal,max_margin_greedy
8,0.6,1.0,0.1601917143334623,0.3921236903481268,0.18638503534400405,0.6561917143334624,-0.6198425479710185,32.813712240717294,0.5229033508340143,3,2,0,0,0.43026868197768076,0.10730151598279701,0.32296716599488373,secure,42,nominal,max_margin_greedy
9,0.6,1.0,0.16698986739637603,0.33636542750564385,0.1985490554907134,0.662989867396376,-0.6226654329793313,32.259778987665044,0.5295017423966003,3,2,0,0,0.5107153724885036,0.17404225273774548,0.33667311975075814,secure,42,nominal,max_margin_greedy
10,0.6,1.0,0.16593481062987858,0.33162427139281203,0.19850053371906523,0.6619348106298786,-0.6278284536425544,33.10561958177391,0.5304805862280708,3,2,0,0,0.51704859411697,0.18250260494382775,0.33454598917314227,secure,42,nominal,max_margin_greedy
11,0.6,1.0,0.2265070381673037,0.3587862807147034,0.18815782524724897,0.7225070381673037,-0.5458897166227459,29.86285161046819,0.4590817243680904,3,2,0,0,0.5626097444588656,0.10594232879897912,0.45666741565988644,secure,42,nominal,max_margin_greedy
12,0.8,1.0,0.23120567694275262,0.3670958618776996,0.1884461096732498,0.7272056769427526,-0.5426640756012799,29.8627515679738,0.4558562234061167,4,1,0,0,0.5663119571087897,0.10017147940162716,0.4661404777071625,secure,42,nominal,max_margin_greedy
13,0.4,0.8,-0.009939308543087489,0.18848930859883856,0.2330755928761386,0.4860606914569125,-0.8415554494704406,44.824864046182185,0.7308006398057856,2,2,1,0,0.22807243359289953,0.24811136210718882,-0.02003892851428929,transition,42,nominal,max_margin_greedy
14,0.6,0.8,0.08295573844514119,0.3817225620729195,0.20415127886353676,0.5789557384451413,-0.708218857992363,30.955188206431224,0.6198815945033592,3,1,1,0,0.3532447462427681,0.18599527357111245,0.16724947267165563,secure,42,nominal,max_margin_greedy
15,0.8,1.0,0.20463168605056525,0.37144020318359855,0.20555317605957507,0.7006316860505652,-0.5844144900107083,31.563272690530443,0.4922259082439656,4,1,0,0,0.48710781551758714,0.07454393235112493,0.4125638831664622,secure,42,nominal,max_margin_greedy
16,0.6,1.0,0.2230730519362046,0.3596477480761582,0.2105490474296788,0.7190730519362047,-0.5622190099719454,28.79370039989153,0.47990782941209725,3,2,0,0,0.5507935172480493,0.10104946092505607,0.4497440563229932,secure,42,nominal,max_margin_greedy
17,0.6,1.0,0.17762002015625974,0.34950390461935205,0.20878031945536318,0.6736200201562597,-0.6170106589979881,34.56852401152124,0.5236147253818584,3,2,0,0,0.5137482567138799,0.15564337736658201,0.3581048793472979,secure,42,nominal,max_margin_greedy
18,0.6,1.0,0.23036227597265016,0.3567049378554211,0.21166532885039396,0.7263622759726502,-0.55855791286004,30.908560218210518,0.47328592855454527,3,2,0,0,0.5616468201319329,0.0972067476064286,0.4644400725255043,secure,42,nominal,max_margin_greedy
19,0.6,1.0,0.2094094459854437,0.32268836221158553,0.21320015375120124,0.7054094459854438,-0.5816839006042183,32.04710368174567,0.49481795544977436,3,2,0,0,0.5662939868030962,0.14409752312276622,0.4221964636803299,secure,42,nominal,max_margin_greedy
20,0.6,1.0,0.21219639492351342,0.32736112432046865,0.21465953174385258,0.7081963949235135,-0.5819917094982068,32.30168197522712,0.4947693547328888,3,2,0,0,0.5596276240342726,0.13181231168847937,0.4278153123457932,secure,42,nominal,max_margin_greedy
21,0.6,1.0,0.21186643476889627,0.3457415798688145,0.2179391219824121,0.7078664347688963,-0.582257936265862,32.29989282310747,0.49503808631351154,3,2,0,0,0.5202611313453482,0.09311106124676695,0.4271500700985813,secure,42,nominal,max_margin_greedy
22,0.6,1.0,0.1952990212251607,0.32694184801931614,0.21519475744889963,0.6912990212251607,-0.5985774416471468,32.36566144654571,0.5112655156219829,3,2,0,0,0.5159850112422174,0.12223698457858695,0.39374802666363046,secure,42,nominal,max_margin_greedy
23,0.6,1.0,0.19767298600325076,0.33075461215311747,0.21318629797149602,0.6936729860032507,-0.5951719881745523,31.85932457243735,0.5085689337731399,3,2,0,0,0.5117245338570514,0.11319028788275547,0.39853424597429593,secure,42,nominal,max_margin_greedy
0,0.6,1.0,0.15125862368322895,0.35381426202549576,0.21894084254160612,0.647258623683229,-0.636072978427766,27.832912368424992,0.558106901111971,3,2,0,0,0.44750244415206153,0.14254554156490643,0.30495690258715513,secure,42,nominal,shortest_path_pqc
1,0.6,1.0,0.12829827066838356,0.33196074765774375,0.20234940180427685,0.6242982706683835,-0.6559945294422087,26.940683894544794,0.573277571989846,3,2,0,0,0.42578498978709783,0.16711912150406644,0.2586658682830314,secure,42,nominal,shortest_path_pqc
2,0.6,1.0,0.15557104972944574,0.3588507986850657,0.2006614019678395,0.6515710497294458,-0.6236321284484385,26.399941273421092,0.5416722106656491,3,2,0,0,0.46077988121450386,0.1471285712761052,0.3136513099383986,secure,42,nominal,shortest_path_pqc
3,0.6,1.0,0.07456681725481756,0.2619779260427716,0.23481347695842647,0.5705668172548176,-0.7463904032439799,40.931356891717996,0.6470865035955746,3,2,0,0,0.3528258480531108,0.20248952294259148,0.1503363251105193,secure,42,nominal,shortest_path_pqc
4,0.4,0.8,-0.051535145449484565,0.181179932849582,0.22386060556641368,0.4444648545505155,-0.8875256349409943,46.02059180254601,0.7720968064174298,2,2,1,0,0.2404914185957143,0.3443929215180623,-0.10390150292234798,transition,42,nominal,shortest_path_pqc
5,0.6,1.0,0.1318893867955968,0.346484352915525,0.21218797540874323,0.6278893867955968,-0.6535947432427224,28.23564916738143,0.5720648344083884,3,2,0,0,0.4807241587356678,0.21481813697035163,0.2659060217653162,secure,42,nominal,shortest_path_pqc
6,0.4,0.8,0.0462097014906991,0.3423768191463403,0.19865778909947499,0.5422097014906991,-0.7429930478855431,29.40528750585181,0.6508256453773505,2,2,1,0,0.32756454099693527,0.23439982024955808,0.0931647207473772,secure,42,nominal,shortest_path_pqc
7,0.8,1.0,0.24846766927325037,0.38214418445265863,0.18968137648876876,0.7444676692732504,-0.5218980126347776,29.58202279713756,0.438483180718785,4,1,0,0,0.5790370582853109,0.07809417668601579,0.5009428815992951,secure,42,nominal,shortest_path_pqc
8,0.8,1.0,0.14501126184434932,0.3201849085834955,0.20597358609812547,0.6410112618443493,-0.6343671192164541,26.841418343521646,0.5517891335355238,4,1,0,0,0.42531550685625924,0.1329540918474905,0.2923614150087688,secure,42,nominal,shortest_path_pqc
9,0.6,1.0,0.12622947903339637,0.3211966740180755,0.20279011354983156,0.6222294790333963,-0.6571355734700142,26.45992254454319,0.5720916819076538,3,2,0,0,0.45169330150100595,0.19719838409496485,0.25449491740604113,secure,42,nominal,shortest_path_pqc
10,0.6,1.0,0.1293077403474256,0.31912804790656235,0.20745932881477364,0.6253077403474256,-0.6560847780109798,26.04269614223971,0.5716250034118443,3,2,0,0,0.4639749543740652,0.20327386496393307,0.26070108941013215,secure,42,nominal,shortest_path_pqc
11,0.6,1.0,0.18445707127121952,0.3591843841016596,0.2026598350988163,0.6804570712712195,-0.5889642028248046,24.691852696166947,0.5093956090501709,3,2,0,0,0.5245334559745507,0.15264419937935006,0.37188925659520067,secure,42,nominal,shortest_path_pqc
12,0.6,1.0,0.18259601300114006,0.3663859833201778,0.2057573888187127,0.67859601300114,-0.594711028263234,24.936716787996666,0.5147996247600386,3,2,0,0,0.5101319866041875,0.141994863618018,0.36813712298616946,secure,42,nominal,shortest_path_pqc
13,0.4,0.8,-0.009939308543087489,0.18848930859883856,0.2330755928761386,0.4860606914569125,-0.8415554494704406,44.824864046182185,0.7308006398057856,2,2,1,0,0.22807243359289953,0.24811136210718882,-0.02003892851428929,transition,42,nominal,shortest_path_pqc
14,0.4,1.0,0.05435964329408425,0.2528198358436783,0.23645470687980538,0.5503596432940843,-0.7719799823016732,39.48255366678476,0.6687044071681745,2,3,0,0,0.3329325597587815,0.22333650473038585,0.10959605502839564,secure,42,nominal,shortest_path_pqc
15,0.8,1.0,0.19384332265682194,0.35898126450257367,0.222569885723797,0.6898433226568219,-0.5948542986737235,25.585193275924652,0.5140350280874291,4,1,0,0,0.5105808077999794,0.1197676572821932,0.3908131505177862,secure,42,nominal,shortest_path_pqc
16,0.6,1.0,0.1659327768596815,0.34387641406457903,0.2221600227583928,0.6619327768596814,-0.6239277720974294,25.283399627533264,0.5435310126188829,3,2,0,0,0.47794851125249743,0.1434066224224944,0.334541888830003,secure,42,nominal,shortest_path_pqc
17,0.6,1.0,0.17517930288609368,0.3439014874754721,0.22543645210705945,0.6711793028860937,-0.61688895138836,26.219230186273315,0.5351820291275773,3,2,0,0,0.5220280595183655,0.1688439811189831,0.3531840783993824,secure,42,nominal,shortest_path_pqc
18,0.6,1.0,0.18116649996404993,0.36176103798974324,0.2229602417898094,0.67716649996405,-0.6116014492498627,27.18152028985698,0.5285473208440629,3,2,0,0,0.5112748984855667,0.14601985823546595,0.3652550402501008,secure,42,nominal,shortest_path_pqc
19,0.6,1.0,0.16640614394955794,0.332046319663087,0.23249945039236564,0.662406143949558,-0.6333279274483474,27.608410463353835,0.5496761527996521,3,2,0,0,0.5129402255401243,0.17744396757730588,0.33549625796281846,secure,42,nominal,shortest_path_pqc
20,0.6,1.0,0.1344289773716393,0.3190565676030571,0.22445694083724693,0.6304289773716393,-0.6629560938238738,28.176162354024086,0.5785094665282401,3,2,0,0,0.4448670321890172,0.17384086813329275,0.27102616405572444,secure,42,nominal,shortest_path_pqc
21,0.6,1.0,0.15243067968416044,0.3479475083172782,0.21729696758570083,0.6484306796841605,-0.6391999283865035,27.697760837813604,0.5554230632135644,3,2,0,0,0.4489668549152752,0.14164693619720978,0.3073199187180654,secure,42,nominal,shortest_path_pqc
22,0.6,1.0,0.1412841791186264,0.3379649628631731,0.21474997575566973,0.6372841791186264,-0.6503480752873969,27.75291221075791,0.5664939981923359,3,2,0,0,0.45281609131431155,0.16796895599450032,0.2848471353198112,secure,42,nominal,shortest_path_pqc
23,0.6,1.0,0.12542629706431319,0.3355204132575424,0.21266439060863235,0.6214262970643132,-0.6648359632811094,26.88833795610763,0.5821922901425587,3,2,0,0,0.4129368826617105,0.16006128374172426,0.25287559891998623,secure,42,nominal,shortest_path_pqc
0,0.6,1.0,0.13575942719293893,0.280369711684427,0.2053175946733355,0.6317594271929389,-0.6616798864172685,34.78637037132092,0.5649789678974192,3,2,0,0,0.38087389345415235,0.10716537088774315,0.2737085225664092,secure,42,nominal,random
1,0.6,1.0,0.10845616394958575,0.3176105419659481,0.19932399436245282,0.6044561639495858,-0.6808848283429517,29.37613070223486,0.5917582453598229,3,2,0,0,0.3861912413703699,0.16752962050426956,0.21866162086610036,secure,42,nominal,random
2,0.6,1.0,0.11997438546688474,0.32875024052178414,0.19206901458868733,0.6159743854668848,-0.6798855054968287,36.343180747269756,0.5750050524506511,3,2,0,0,0.35645110738301783,0.11456726571591144,0.2418838416671064,secure,42,nominal,random
3,0.6,0.8,0.11316343101811124,0.4209215435276851,0.19635444096595683,0.6091634310181112,-0.6696283916602603,33.16269406230997,0.5782006199730263,3,1,1,0,0.3607851497142082,0.1326330710486614,0.22815207866554682,secure,42,nominal,random
4,0.4,0.8,-0.0514962447349611,0.181179932849582,0.2240942720422801,0.4445037552650389,-0.8888132786404921,46.89301644531835,0.7721630556170463,2,2,1,0,0.24056984745564067,0.3443929215180623,-0.10382307406242161,transition,42,nominal,random
5,0.6,1.0,0.07952740539049155,0.31720879811037667,0.20464797647869407,0.5755274053904915,-0.7145313061240294,30.355349877898412,0.6210338162949716,3,2,0,0,0.37534740201609307,0.21500989114816652,0.16033751086792655,secure,42,nominal,random
6,0.2,0.8,-0.09143954943280667,0.3446821392490988,0.20219489049543632,0.40456045056719336,-0.8952359790307517,35.60973012533199,0.7913823568552869,1,3,1,0,0.20428746716200544,0.38864139747008336,-0.18435393030807792,transition,42,nominal,random
7,0.8,1.0,0.172909162621199,0.29934880984778217,0.18341980935869542,0.6689091626211989,-0.6172193743769981,35.15152711561301,0.51400723641514,4,1,0,0,0.4245104852032825,0.0759033024992523,0.3486071827040302,secure,42,nominal,random
8,0.6,1.0,0.1057491823905345,0.38955647644419283,0.19814771837767636,0.6017491823905345,-0.6860547504428485,35.4453192374185,0.5854313035104626,3,2,0,0,0.322865155821271,0.1096611590661611,0.21320399675510993,secure,42,nominal,random
9,0.6,1.0,0.11957218316434406,0.3175254964091706,0.20386735382281213,0.615572183164344,-0.6717373415922514,29.645432637645797,0.5792337358995473,3,2,0,0,0.4379466876030502,0.19687373767493718,0.24107294992811304,secure,42,nominal,random
10,0.4,1.0,0.04472832531100266,0.24620190205552425,0.1902852145592509,0.5407283253110027,-0.765293825902482,36.12775776406142,0.6487149650327959,2,3,0,0,0.3515849405103814,0.2614068652865858,0.09017807522379562,secure,42,nominal,random
11,0.6,1.0,0.13930628485728497,0.29258687193338606,0.20228771717228092,0.6353062848572849,-0.6529409925186476,31.715458629253902,0.5575393504376922,3,2,0,0,0.41650624301406936,0.13564679773728514,0.2808594452767842,secure,42,nominal,random
12,0.8,1.0,0.11010032324512686,0.27796035383768797,0.20541767263623728,0.6061003232451269,-0.6902813606330283,31.974545590381535,0.591516996806494,4,1,0,0,0.3434667892620627,0.12149033110656497,0.2219764581554977,secure,42,nominal,random
13,0.4,0.8,-0.045918703329654795,0.16851054957460315,0.2269753124809375,0.45008129667034524,-0.8784170648212722,45.27296886197123,0.7640349084145124,2,2,1,0,0.15553333120062676,0.24811136210718882,-0.09257803090656205,sparse,42,nominal,random
14,0.4,1.0,-0.033003831883042206,0.15508565254737777,0.23454247851324617,0.4629961681169578,-0.8818801977370375,46.9094413672652,0.7592069798228664,2,3,0,0,0.16041027047688208,0.2269502541120478,-0.06653998363516572,sparse,42,nominal,random
15,0.8,1.0,0.23115376462427575,0.4132445969173656,0.20535221945027365,0.7271537646242757,-0.5596822226488174,32.29519706555747,0.46346894675703687,4,1,0,0,0.5376805925430094,0.07164477676825981,0.46603581577474956,secure,42,nominal,random
16,0.6,1.0,0.048858666736608124,0.24786988753884748,0.21221313885064777,0.5448586667366081,-0.7575944562798792,34.07374536299239,0.6588912127716899,3,2,0,0,0.21324458873897437,0.11473921225387733,0.09850537648509704,transition,42,nominal,random
17,0.4,1.0,0.05131055360878104,0.2434360854778493,0.21148731544565638,0.5473105536087811,-0.769273636543941,35.82368903335416,0.6561204718972451,2,3,0,0,0.27822682705531204,0.1747781302634148,0.10344869679189725,transition,42,nominal,random
18,0.6,1.0,0.04835801039548091,0.3029173761733309,0.22253511887319183,0.5443580103954809,-0.7803491274249668,41.09363967041397,0.6688180318863872,3,2,0,0,0.3660839780813723,0.26858798938080586,0.09749598870056642,secure,42,nominal,random
19,0.6,1.0,0.06307796911691974,0.2463822250118636,0.21838341468498917,0.5590779691169196,-0.7470928568103026,37.29708654831103,0.6468769356426671,3,2,0,0,0.3086874824163383,0.18151415758383885,0.12717332483249946,transition,42,nominal,random
20,0.6,1.0,0.1469896083490898,0.27091269070302915,0.20223193900647268,0.6429896083490898,-0.6610982146808112,37.67733345117997,0.5513499478491592,3,2,0,0,0.458006244208887,0.16165622737604468,0.29635001683284234,secure,42,nominal,random
21,0.6,1.0,0.17354049365422544,0.31860576529712914,0.20785776851738574,0.6695404936542254,-0.6226840048388337,32.75470462136654,0.5288274183689206,3,2,0,0,0.4572361521460029,0.10735612461732254,0.34988002752868036,secure,42,nominal,random
22,0.4,1.0,0.0997222194534598,0.26408964442663185,0.20498142763094146,0.5957222194534598,-0.7148836614882544,39.08397570588778,0.6031660955000115,2,3,0,0,0.3421226976552813,0.14106983585395105,0.20105286180133025,secure,42,nominal,random
23,0.6,1.0,0.09898869192537638,0.26960410435968774,0.19370077885964102,0.5949886919253764,-0.7105638023804606,39.74733946315169,0.5979175271320482,3,2,0,0,0.3288011615996289,0.1292271859436282,0.1995739756560007,secure,42,nominal,random
