scenario,method,secure,sparse,transition
congestion,latency_first,0.4527777777777778,0.09305555555555556,0.45416666666666666
congestion,max_margin_greedy,0.5805555555555556,0.08333333333333333,0.33611111111111114
congestion,pqc_trust,0.5763888888888888,0.09027777777777778,0.3333333333333333
congestion,proposed_hybrid,0.6513888888888889,0.05694444444444444,0.2916666666666667
congestion,qkd_priority,0.5041666666666667,0.07916666666666666,0.4166666666666667
congestion,random,0.3125,0.21944444444444444,0.46805555555555556
congestion,shortest_path_pqc,0.40694444444444444,0.11944444444444445,0.4736111111111111
link_noise,latency_first,0.1111111111111111,0.5097222222222222,0.37916666666666665
link_noise,max_margin_greedy,0.1125,0.5097222222222222,0.37777777777777777
link_noise,pqc_trust,0.09861111111111111,0.5736111111111111,0.3277777777777778
link_noise,proposed_hybrid,0.11944444444444445,0.5,0.38055555555555554
link_noise,qkd_priority,0.12222222222222222,0.49166666666666664,0.3861111111111111
link_noise,random,0.041666666666666664,0.6861111111111111,0.2722222222222222
link_noise,shortest_path_pqc,0.08611111111111111,0.5597222222222222,0.3541666666666667
nominal,latency_first,0.6888888888888889,0.06944444444444445,0.24166666666666667
nominal,max_margin_greedy,0.775,0.022222222222222223,0.20277777777777778
nominal,pqc_trust,0.7513888888888889,0.0375,0.2111111111111111
nominal,proposed_hybrid,0.8444444444444444,0.0125,0.14305555555555555
nominal,qkd_priority,0.725,0.041666666666666664,0.23333333333333334
nominal,random,0.4708333333333333,0.14166666666666666,0.3875
nominal,shortest_path_pqc,0.6805555555555556,0.07916666666666666,0.24027777777777778
qkd_scarcity,latency_first,0.24583333333333332,0.29305555555555557,0.46111111111111114
qkd_scarcity,max_margin_greedy,0.25833333333333336,0.2625,0.4791666666666667
qkd_scarcity,pqc_trust,0.23333333333333334,0.30694444444444446,0.4597222222222222
qkd_scarcity,proposed_hybrid,0.3,0.21944444444444444,0.48055555555555557
qkd_scarcity,qkd_priority,0.28194444444444444,0.24305555555555555,0.475
qkd_scarcity,random,0.075,0.5486111111111112,0.3763888888888889
qkd_scarcity,shortest_path_pqc,0.22083333333333333,0.34305555555555556,0.4361111111111111
traffic_load,latency_first,0.5777777777777777,0.05,0.37222222222222223
traffic_load,max_margin_greedy,0.7222222222222222,0.05,0.22777777777777777
traffic_load,pqc_trust,0.6791666666666667,0.059722222222222225,0.2611111111111111
traffic_load,proposed_hybrid,0.7611111111111111,0.0375,0.2013888888888889
traffic_load,qkd_priority,0.6861111111111111,0.044444444444444446,0.26944444444444443
traffic_load,random,0.4444444444444444,0.14583333333333334,0.4097222222222222
traffic_load,shortest_path_pqc,0.5402777777777777,0.06388888888888888,0.3958333333333333
trust_degradation,latency_first,0.5777777777777777,0.08611111111111111,0.33611111111111114
trust_degradation,max_margin_greedy,0.7055555555555556,0.03611111111111111,0.25833333333333336
trust_degradation,pqc_trust,0.6791666666666667,0.05694444444444444,0.2638888888888889
trust_degradation,proposed_hybrid,0.7791666666666667,0.02361111111111111,0.19722222222222222
trust_degradation,qkd_priority,0.6388888888888888,0.06111111111111111,0.3
trust_degradation,random,0.36527777777777776,0.16805555555555557,0.4666666666666667
trust_degradation,shortest_path_pqc,0.5736111111111111,0.1,0.3263888888888889
