scenario,method,secure_feasible_ratio,allocated_ratio,avg_security_margin,avg_SCI,avg_SDI,avg_functional_score,avg_latency
congestion,latency_first,0.49944444444444447,0.8797222222222222,0.04026062140916564,0.31076179431562195,0.2295911866358525,-0.7378051363420354,35.8362607870973
congestion,max_margin_greedy,0.4827777777777778,0.8458333333333333,0.06970744040495185,0.3485124038475682,0.2079732094827459,-0.7061010473109663,41.311483681396176
congestion,pqc_trust,0.5383333333333333,0.888888888888889,0.06745379724218675,0.3445407466559471,0.2085451876999254,-0.7070426278880638,38.615382178511815
congestion,proposed_hybrid,0.5052777777777778,0.8666666666666667,0.07835776750498231,0.3612892483061602,0.20330987833643782,-0.693667081822806,38.22585500344288
congestion,qkd_priority,0.4741666666666667,0.8394444444444444,0.05504456049294308,0.3259293607832248,0.21495242430551695,-0.717326459544338,39.022729992238716
congestion,random,0.48000000000000004,0.8338888888888889,-0.0024187458792349985,0.26246825071523855,0.2673447545040188,-0.7662303409236445,44.10433629073068
congestion,shortest_path_pqc,0.45916666666666667,0.8866666666666667,0.028887177655973224,0.29866822825749667,0.2404279507252926,-0.7488538302489585,35.456549854731136
link_noise,latency_first,0.3433333333333334,0.9483333333333334,-0.06760673953347385,0.15674469578614095,0.2930486061358866,-0.8902338193865166,30.12730397930394
link_noise,max_margin_greedy,0.3238888888888889,0.9288888888888889,-0.05939228153252282,0.15847016696525448,0.27821267005501826,-0.8862311769847877,35.47516855769191
link_noise,pqc_trust,0.3383333333333333,0.9388888888888889,-0.06200751684661152,0.14706067766682296,0.27207583259950746,-0.8886089223279552,33.54292651922056
link_noise,proposed_hybrid,0.33555555555555555,0.9383333333333332,-0.053452664713438125,0.16218487900667425,0.26995234818699304,-0.8758830289794842,32.93025334760649
link_noise,qkd_priority,0.3441666666666666,0.9413888888888889,-0.06289307657304703,0.16556597881752033,0.29236653642446997,-0.8855909218057927,30.959310823485144
link_noise,random,0.30527777777777776,0.9113888888888888,-0.1110917343987223,0.11621935627052936,0.3401946272356953,-0.9417195869695882,37.597261711176415
link_noise,shortest_path_pqc,0.25972222222222224,0.9452777777777778,-0.08802436066918308,0.13467549510127044,0.3121439641923654,-0.9107539083943907,29.66840282581302
nominal,latency_first,0.6024999999999999,0.9663888888888889,0.10258829821281275,0.3785247746627812,0.1716935282659813,-0.6799811155262518,29.802277822843916
nominal,max_margin_greedy,0.5791666666666667,0.9466666666666667,0.13258764039309093,0.41822010005098104,0.15090630893587836,-0.653835499732801,36.08064732105363
nominal,pqc_trust,0.6180555555555556,0.9605555555555555,0.12685181837713325,0.4076444454582144,0.151894811633349,-0.6575103963474198,33.29226325417756
nominal,proposed_hybrid,0.5980555555555556,0.9541666666666667,0.14414438959550926,0.43829065680990087,0.14767696810927736,-0.6356975110032579,33.33511469249823
nominal,qkd_priority,0.5622222222222223,0.9347222222222222,0.11680175849814292,0.39973951335103936,0.16425209702413832,-0.66612143689519,34.08070127577919
nominal,random,0.5711111111111111,0.9355555555555556,0.05631541537585135,0.31101005156725287,0.19747090766432676,-0.7343472719201964,37.52733426724141
nominal,shortest_path_pqc,0.5555555555555556,0.9672222222222222,0.09187263351037837,0.367333284962919,0.18210620127264,-0.6890327253340232,28.877082756959833
qkd_scarcity,latency_first,0.4966666666666667,0.9244444444444445,-0.0018457468333376397,0.2361238946489819,0.23984515842587228,-0.7621166463506942,29.689428144314824
qkd_scarcity,max_margin_greedy,0.4608333333333333,0.9030555555555556,0.0030111398829522173,0.24210932878979766,0.23603848225158755,-0.7590923712206243,34.9639984104847
qkd_scarcity,pqc_trust,0.49416666666666664,0.9177777777777778,0.0017361927060083329,0.23019784677110117,0.22669745825092308,-0.7610806069639204,33.04274619330083
qkd_scarcity,proposed_hybrid,0.48777777777777775,0.9125,0.015203630291014085,0.2573988277843086,0.226746347358877,-0.7425702261462488,32.591136538146564
qkd_scarcity,qkd_priority,0.475,0.9036111111111111,0.003069705777800018,0.24839534435157937,0.24220642141246645,-0.7567718780560413,33.08051885467668
qkd_scarcity,random,0.4519444444444444,0.8983333333333333,-0.05704303246454915,0.16101426368919422,0.276020377529011,-0.8277957112448846,36.95936590083273
qkd_scarcity,shortest_path_pqc,0.42416666666666664,0.9208333333333333,-0.020388993469712076,0.21383788005938034,0.25494472173218696,-0.7793444265861322,29.253220218863714
traffic_load,latency_first,0.5111111111111112,0.8338888888888889,0.08535904317775993,0.3520187810707999,0.1799239359543484,-0.6686295514610762,33.055212255931046
traffic_load,max_margin_greedy,0.5030555555555556,0.8122222222222223,0.11292361207654897,0.38957478592098566,0.16190621318600787,-0.6411444394745671,37.81797604898361
traffic_load,pqc_trust,0.5475,0.8519444444444445,0.1060006375498121,0.37889801846617616,0.1651870556641356,-0.6481706258346516,35.532387810370516
traffic_load,proposed_hybrid,0.5177777777777778,0.83,0.11984900183154004,0.3985331223791814,0.15690207029946365,-0.6335304661148776,35.21389842387742
traffic_load,qkd_priority,0.49083333333333334,0.8005555555555556,0.10229199268748147,0.3761778711438029,0.1699440149190419,-0.6461464867836432,35.679786029631
traffic_load,random,0.49694444444444447,0.8,0.038940045432214625,0.3035081221795301,0.22499996606619416,-0.6965835702983648,40.46174122351801
traffic_load,shortest_path_pqc,0.47694444444444445,0.8463888888888889,0.07674448861129846,0.3423921554775319,0.1876653639224947,-0.6811546156411001,32.982366968249494
trust_degradation,latency_first,0.5788888888888889,0.9663888888888889,0.07076956095243507,0.34365099227521057,0.2009704258388495,-0.742197148680516,29.59774859240891
trust_degradation,max_margin_greedy,0.5549999999999999,0.9466666666666667,0.09985621279538953,0.3796541921609562,0.17833118249283214,-0.7172104997328008,36.08064732105363
trust_degradation,pqc_trust,0.5961111111111111,0.9605555555555555,0.09481787652784178,0.37024269134716686,0.17907761770232458,-0.7200997812605981,33.31462915146624
trust_degradation,proposed_hybrid,0.5769444444444445,0.9544444444444444,0.11165340357099958,0.39901785695609615,0.17391018846617765,-0.6988175263862563,33.30961273997812
trust_degradation,qkd_priority,0.5391666666666667,0.9358333333333333,0.08471377870532774,0.3626088243010945,0.1918149156209982,-0.7288585392569503,34.022589439651924
trust_degradation,random,0.5480555555555555,0.9355555555555556,0.026603754724462417,0.2821223291939383,0.22848572692687702,-0.7944213944337204,37.508768706768045
trust_degradation,shortest_path_pqc,0.5302777777777777,0.9672222222222222,0.059158425760088215,0.33071344728064683,0.21144242760304965,-0.7524077253340233,28.877082756959833
