horizon,scenario,n,events,auc_SCI,auc_persistence
1,congestion,393,117,0.6142697881828316,0.5055276848755109
1,link_noise,113,73,0.5808219178082191,0.5
1,nominal,578,79,0.6182491565409299,0.5506836457725578
1,qkd_scarcity,375,134,0.6187527094816374,0.483836006688549
1,traffic_load,381,109,0.552415002698327,0.5645574743658931
1,trust_degradation,558,90,0.5998338081671415,0.5061965811965812
2,congestion,376,119,0.5898047935127358,0.5184743157963575
2,link_noise,110,69,0.5514316012725344,0.5
2,nominal,554,73,0.5724375587389287,0.5550223563922194
2,qkd_scarcity,359,121,0.5633377317869297,0.5002083478019307
2,traffic_load,365,110,0.5332263814616756,0.5872014260249554
2,trust_degradation,534,86,0.5974875415282392,0.518999169435216
3,congestion,357,116,0.6297753612820146,0.5014487051080269
3,link_noise,105,69,0.5954106280193237,0.5
3,nominal,528,73,0.596507601987054,0.5435496010838476
3,qkd_scarcity,341,120,0.5568627450980392,0.48821644042232276
3,traffic_load,345,102,0.5021383038812233,0.5525699991930929
3,trust_degradation,508,85,0.6044500069531359,0.49096092337644276
